Polarity (XLogP3), Viscosity (cP), Boiling Point (K), Surface Tension (mN/m), Concentration (g/mL),Uncoated Layer (nm),Total Thickness (nm),Bonded Thickness (nm)
3.9,0.377,342.039,17.89,1,1.49,2.01,0.57
3.9,0.377,342.039,17.89,5,1.43,6.45,0.56
3.9,0.377,342.039,17.89,0.15,1.64,0.88,0.36
3.9,0.377,342.039,17.89,0.07,1.44,0.82,0.68
3.9,0.377,342.039,17.89,2,1.49,3.51,0.53
3.9,0.377,342.039,17.89,0.05,1.45,0.81,0.63
3.9,0.377,342.039,17.89,0.09,1.44,0.88,0.55
3.9,0.377,342.039,17.89,1,1.49,2.01,0.57
3.9,0.377,342.039,17.89,10,1.48,13.18,0.51
3.9,0.377,342.039,17.89,0.09,1.43,0.88,0.54
3.9,0.377,342.039,17.89,0.1,1.62,0.76,0.34
3.9,0.377,342.039,17.89,0.05,1.5,0.61,0.46
3.9,0.377,342.039,17.89,0.05,1.5,0.61,0.46
3.9,0.377,342.039,17.89,0.1,1.63,0.77,0.34
3.9,0.377,342.039,17.89,5,1.44,6.45,0.55
3.9,0.377,342.039,17.89,0.5,1.47,1.3,0.51
3.9,0.377,342.039,17.89,1.5,1.55,2.71,0.49
3.9,0.377,342.039,17.89,0.1,1.63,0.77,0.34
3.9,0.377,342.039,17.89,0.02,1.44,0.72,0.67
3.9,0.377,342.039,17.89,0.1,1.62,0.76,0.35
3.9,0.377,342.039,17.89,5,1.44,6.45,0.55
3.9,0.377,342.039,17.89,0.02,1.45,0.72,0.66
3.9,0.377,342.039,17.89,0.1,1.63,0.77,0.34
3.9,0.377,342.039,17.89,2,1.49,3.5,0.54
3.9,0.377,342.039,17.89,0.15,1.62,0.86,0.38
3.9,0.377,342.039,17.89,1,1.48,2.01,0.59
3.9,0.377,342.039,17.89,0.02,1.45,0.72,0.66
3.9,0.377,342.039,17.89,0.09,1.44,0.88,0.55
3.9,0.377,342.039,17.89,0.25,1.63,0.94,0.41
3.9,0.377,342.039,17.89,0.05,1.48,0.62,0.45
3.9,0.377,342.039,17.89,10,1.48,13.18,0.51
3.9,0.377,342.039,17.89,0.1,1.62,0.76,0.35
3.9,0.377,342.039,17.89,2,1.49,3.5,0.54
3.9,0.377,342.039,17.89,0.1,1.45,0.9,0.59
3.9,0.377,342.039,17.89,3,1.43,4.28,0.55
3.9,0.377,342.039,17.89,0.1,1.46,0.9,0.59
3.9,0.377,342.039,17.89,1.5,1.5,2.68,0.47
3.9,0.377,342.039,17.89,0.15,1.62,0.88,0.38
3.9,0.377,342.039,17.89,0.07,1.47,0.68,0.45
3.9,0.377,342.039,17.89,0.07,1.44,0.82,0.68
3.9,0.377,342.039,17.89,2.5,1.42,3.63,0.57
3.9,0.377,342.039,17.89,3,1.43,4.21,0.57
3.9,0.377,342.039,17.89,2,1.49,3.5,0.54
3.9,0.377,342.039,17.89,7,1.51,9.8,0.5
3.9,0.377,342.039,17.89,5,1.43,6.45,0.56
3.9,0.377,342.039,17.89,7,1.53,9.76,0.52
3.9,0.377,342.039,17.89,0.02,1.44,0.72,0.67
3.9,0.377,342.039,17.89,1,1.48,2.02,0.6
3.9,0.377,342.039,17.89,3,1.43,4.21,0.57
3.9,0.377,342.039,17.89,0.05,1.45,0.79,0.65
3.9,0.377,342.039,17.89,0.09,1.44,0.88,0.55
3.9,0.377,342.039,17.89,0.05,1.44,0.79,0.65
3.9,0.377,342.039,17.89,1,1.49,2.01,0.57
3.9,0.377,342.039,17.89,0.07,1.47,0.69,0.47
3.9,0.377,342.039,17.89,0.02,1.49,0.57,0.48
3.9,0.377,342.039,17.89,0.1,1.45,0.9,0.59
3.9,0.377,342.039,17.89,0.07,1.44,0.83,0.68
3.9,0.377,342.039,17.89,3,1.44,4.21,0.56
3.9,0.377,342.039,17.89,10,1.48,13.18,0.51
3.9,0.377,342.039,17.89,0.05,1.44,0.79,0.65
3.9,0.377,342.039,17.89,0.1,1.45,0.9,0.61
3.9,0.377,342.039,17.89,5,1.44,6.45,0.55
3.9,0.377,342.039,17.89,0.02,1.45,0.72,0.66
3.9,0.377,342.039,17.89,0.09,1.44,0.87,0.55
3.9,0.377,342.039,17.89,0.15,1.62,0.88,0.38
3.9,0.377,342.039,17.89,2.5,1.42,3.63,0.57
3.9,0.377,342.039,17.89,0.05,1.45,0.79,0.65
3.9,0.377,342.039,17.89,2,1.49,3.5,0.54
3.9,0.377,342.039,17.89,0.05,1.45,0.81,0.63
3.9,0.377,342.039,17.89,2.5,1.42,3.63,0.57
3.9,0.377,342.039,17.89,0.5,1.48,1.28,0.5
3.9,0.377,342.039,17.89,0.07,1.44,0.83,0.68
3.9,0.377,342.039,17.89,0.07,1.45,0.68,0.47
3.9,0.377,342.039,17.89,0.5,1.47,1.3,0.51
3.9,0.377,342.039,17.89,3,1.44,4.21,0.56
3.9,0.377,342.039,17.89,1.5,1.55,2.71,0.49
3.9,0.377,342.039,17.89,0.02,1.49,0.57,0.48
3.9,0.377,342.039,17.89,0.02,1.45,0.72,0.66
3.9,0.377,342.039,17.89,0.02,1.49,0.56,0.47
3.9,0.377,342.039,17.89,5,1.44,6.55,0.55
3.9,0.377,342.039,17.89,1.5,1.5,2.68,0.47
3.9,0.377,342.039,17.89,0.02,1.49,0.57,0.48
3.9,0.377,342.039,17.89,5,1.44,6.55,0.55
3.9,0.377,342.039,17.89,0.15,1.64,0.88,0.36
3.9,0.377,342.039,17.89,0.07,1.47,0.69,0.47
3.9,0.377,342.039,17.89,0.1,1.45,0.9,0.61
3.9,0.377,342.039,17.89,2,1.49,3.5,0.54
3.9,0.377,342.039,17.89,0.5,1.47,1.29,0.52
3.9,0.377,342.039,17.89,0.05,1.48,0.62,0.47
3.9,0.377,342.039,17.89,0.5,1.47,1.3,0.51
3.9,0.377,342.039,17.89,0.07,1.44,0.83,0.68
3.9,0.377,342.039,17.89,0.25,1.62,0.98,0.41
3.9,0.377,342.039,17.89,2.5,1.44,3.61,0.6
3.9,0.377,342.039,17.89,0.07,1.44,0.82,0.68
3.9,0.377,342.039,17.89,0.05,1.45,0.81,0.63
3.9,0.377,342.039,17.89,0.07,1.44,0.83,0.68
3.9,0.377,342.039,17.89,0.1,1.62,0.76,0.34
3.9,0.377,342.039,17.89,7,1.53,9.76,0.52
3.9,0.377,342.039,17.89,1.5,1.55,2.71,0.49
3.9,0.377,342.039,17.89,0.09,1.44,0.88,0.55
3.9,0.377,342.039,17.89,0.132932475,1.481014619,0.773562772,0.438447047
3.9,0.377,342.039,17.89,2.077406022,1.477049844,3.612539052,0.544979197
3.9,0.377,342.039,17.89,0.322265965,1.633766299,1.064491126,0.337580349
3.9,0.377,342.039,17.89,9.639784262,1.488978151,12.72893674,0.497715707
3.9,0.377,342.039,17.89,0.326904584,1.640943808,1.069313792,0.318921316
3.9,0.377,342.039,17.89,0.586375164,1.475229925,1.393004896,0.514244232
3.9,0.377,342.039,17.89,0.875458034,1.430480617,1.828549051,0.688223997
3.9,0.377,342.039,17.89,0.10594365,1.429078778,0.915722402,0.691506252
3.9,0.377,342.039,17.89,-0.032467658,1.492659037,0.534151734,0.477579858
3.9,0.377,342.039,17.89,0.532424201,1.474043405,1.356439706,0.508653675
3.9,0.377,342.039,17.89,1.619768715,1.50747042,2.839152991,0.463216434
3.9,0.377,342.039,17.89,2.229922611,1.487646559,3.77242351,0.538661958
3.9,0.377,342.039,17.89,-0.067682274,1.448418803,0.681087181,0.583684931
3.9,0.377,342.039,17.89,4.677704177,1.424289767,6.044950454,0.561122144
3.9,0.377,342.039,17.89,0.738161767,1.487319057,1.682118986,0.587820929
3.9,0.377,342.039,17.89,0.700507154,1.619405724,1.52023975,0.39992117
3.9,0.377,342.039,17.89,5.195345468,1.421986768,6.67643191,0.569667623
3.9,0.377,342.039,17.89,7.024445291,1.496934419,9.876339358,0.532089771
3.9,0.377,342.039,17.89,1.295455814,1.469036919,2.391861267,0.623278792
3.9,0.377,342.039,17.89,0.372958171,1.454073528,1.260080524,0.601657998
3.9,0.377,342.039,17.89,0.185067199,1.629511464,0.90016149,0.341066676
3.9,0.377,342.039,17.89,-0.047854164,1.476803084,0.568619139,0.450652473
3.9,0.377,342.039,17.89,0.301978221,1.433311247,1.133831194,0.532658182
3.9,0.377,342.039,17.89,1.280399591,1.531508412,2.405008883,0.453568164
3.9,0.377,342.039,17.89,0.547195134,1.620940747,1.309738931,0.333823371
3.9,0.377,342.039,17.89,2.82575826,1.456126514,4.020884594,0.578630167
3.9,0.377,342.039,17.89,0.288961559,1.480095232,0.908368833,0.443615811
3.9,0.377,342.039,17.89,0.214663433,1.431541836,1.042142328,0.540298364
3.9,0.377,342.039,17.89,0.255977699,1.636945573,0.933482042,0.333528056
3.9,0.377,342.039,17.89,0.141758091,1.441484469,0.968423224,0.609142177
3.9,0.377,342.039,17.89,1.182317696,1.521090244,2.317798286,0.468550292
3.9,0.377,342.039,17.89,0.216345431,1.452233722,0.967971444,0.650774876
3.9,0.377,342.039,17.89,7.128883269,1.499206783,9.956062496,0.514495746
3.9,0.377,342.039,17.89,0.338855531,1.452542118,1.226942631,0.632986789
3.9,0.377,342.039,17.89,0.399437877,1.623524167,1.103524876,0.417400755
3.9,0.377,342.039,17.89,-0.275921623,1.620026074,0.35167403,0.384252263
3.9,0.377,342.039,17.89,0.970351528,1.485197771,1.976659877,0.597032947
3.9,0.377,342.039,17.89,-0.055546134,1.434997036,0.649779973,0.549604992
3.9,0.377,342.039,17.89,1.541363498,1.502479299,2.71605174,0.465845583
3.9,0.377,342.039,17.89,-0.024127836,1.630625214,0.594710412,0.380872703
3.9,0.377,342.039,17.89,0.308380142,1.456486746,1.146306393,0.607052034
3.9,0.377,342.039,17.89,-0.009296473,1.629025324,0.687159364,0.367142712
3.9,0.377,342.039,17.89,9.867215022,1.479651775,12.98286628,0.517672294
3.9,0.377,342.039,17.89,-0.118164542,1.617745671,0.476969577,0.355297896
3.9,0.377,342.039,17.89,1.387281163,1.507920205,2.543787497,0.455477835
3.9,0.377,342.039,17.89,5.289098356,1.437812253,6.804542654,0.544362694
3.9,0.377,342.039,17.89,0.825650532,1.484391103,1.691344173,0.496511145
3.9,0.377,342.039,17.89,0.124397074,1.616765683,0.857099621,0.385118608
3.9,0.377,342.039,17.89,0.220613976,1.455460548,1.030925172,0.598930529
3.9,0.377,342.039,17.89,-0.349930875,1.449117231,0.24871831,0.675250678
3.9,0.377,342.039,17.89,0.81188477,1.503947226,1.758016077,0.552635371
3.9,0.377,342.039,17.89,0.206004306,1.62489344,0.87759647,0.341671385
3.9,0.377,342.039,17.89,2.368813374,1.448047503,3.490400603,0.592957416
3.9,0.377,342.039,17.89,10.36855488,1.48761341,13.64406583,0.49758326
3.9,0.377,342.039,17.89,10.00043317,1.485185106,13.22068714,0.510396999
3.9,0.377,342.039,17.89,0.117544527,1.465692494,0.738839928,0.453082603
3.9,0.377,342.039,17.89,0.245179545,1.466507027,1.065515172,0.580838825
3.9,0.377,342.039,17.89,3.106594235,1.437372259,4.357301924,0.567803361
3.9,0.377,342.039,17.89,2.067113664,1.485460384,3.587898106,0.532131074
3.9,0.377,342.039,17.89,-0.168689743,1.45986472,0.567182937,0.589988609
3.9,0.377,342.039,17.89,10.22738364,1.489062091,13.47709529,0.502752295
3.9,0.377,342.039,17.89,0.10211997,1.44334547,0.929469379,0.53999595
3.9,0.377,342.039,17.89,0.495007747,1.480824898,1.298931105,0.498797022
3.9,0.377,342.039,17.89,0.143109836,1.637177429,0.84260789,0.327399795
3.9,0.377,342.039,17.89,0.002571223,1.622182695,0.639041744,0.342545383
3.9,0.377,342.039,17.89,2.130983839,1.435685559,3.152151804,0.606057728
3.9,0.377,342.039,17.89,0.273167057,1.623991494,0.995253565,0.414393881
3.9,0.377,342.039,17.89,0.768352982,1.493638023,1.617198846,0.484004435
3.9,0.377,342.039,17.89,4.833011934,1.440603788,6.200147613,0.554250161
3.9,0.377,342.039,17.89,0.533186234,1.621052801,1.306088875,0.33847867
3.9,0.377,342.039,17.89,1.058509181,1.476288871,2.072420786,0.594384192
3.9,0.377,342.039,17.89,1.106407352,1.469546904,2.153864227,0.611676905
3.9,0.377,342.039,17.89,1.841352215,1.489963474,3.296422928,0.53234605
3.9,0.377,342.039,17.89,-0.073003921,1.437817614,0.665462927,0.615552165
3.9,0.377,342.039,17.89,10.20348317,1.484462475,13.44847977,0.509410315
3.9,0.377,342.039,17.89,0.137675986,1.440141679,0.839764161,0.661953146
3.9,0.377,342.039,17.89,6.387518268,1.510277261,9.059579494,0.518181668
3.9,0.377,342.039,17.89,0.123523497,1.469873484,0.749020838,0.446211007
3.9,0.377,342.039,17.89,-0.077625034,1.434031014,0.684384947,0.556874721
3.9,0.377,342.039,17.89,0.023504398,1.506804319,0.552038147,0.452954918
3.9,0.377,342.039,17.89,-0.138793531,1.632052701,0.508935434,0.360246201
3.9,0.377,342.039,17.89,1.081626902,1.492548579,2.147308851,0.584236815
3.9,0.377,342.039,17.89,-0.004365775,1.617845093,0.71778534,0.377556847
3.9,0.377,342.039,17.89,0.26724993,1.448426904,1.107728217,0.589846508
3.9,0.377,342.039,17.89,0.101354445,1.449581831,0.838529356,0.669828626
3.9,0.377,342.039,17.89,0.072642665,1.458602071,0.839128659,0.573305941
3.9,0.377,342.039,17.89,2.552231489,1.436468691,3.705547886,0.608848385
3.9,0.377,342.039,17.89,0.382145618,1.440703294,1.168911875,0.659350339
3.9,0.377,342.039,17.89,2.297334587,1.434382193,3.299174828,0.576401246
3.9,0.377,342.039,17.89,1.13358362,1.560224364,2.261679988,0.475638176
3.9,0.377,342.039,17.89,0.804638752,1.468159856,1.68966391,0.520615944
3.9,0.377,342.039,17.89,2.245194053,1.490164217,3.788102918,0.535607847
3.9,0.377,342.039,17.89,2.833617964,1.415997494,4.06906113,0.579280074
3.9,0.377,342.039,17.89,1.252800004,1.476926809,2.297734215,0.571472372
3.9,0.377,342.039,17.89,0.54780122,1.454914509,1.332867258,0.543449602
3.9,0.377,342.039,17.89,7.455217508,1.509750812,10.36755947,0.506310444
3.9,0.377,342.039,17.89,-0.336845356,1.451237309,0.177342313,0.470101457
3.9,0.377,342.039,17.89,4.725792167,1.436958446,6.06893695,0.554874797
3.9,0.377,342.039,17.89,2.236970857,1.424392498,3.316539627,0.565562033
3.9,0.377,342.039,17.89,0.131727074,1.439658909,0.833599988,0.66975639
3.9,0.377,342.039,17.89,-0.036649685,1.435063543,0.716413172,0.55039864
3.9,0.377,342.039,17.89,-0.191030858,1.443196196,0.530370609,0.613786349
3.9,0.377,342.039,17.89,0.303342198,1.614934488,0.998400627,0.356886888
3.9,0.377,342.039,17.89,0.261002709,1.439713662,1.074538452,0.677561062
3.9,0.377,342.039,17.89,0.462893258,1.4367283,1.332732926,0.685904289
3.9,0.377,342.039,17.89,2.414443318,1.446528459,3.429033081,0.559414899
3.9,0.377,342.039,17.89,6.955358539,1.50984967,9.723301685,0.494487942
3.9,0.377,342.039,17.89,-0.272719931,1.45290089,0.426800226,0.595585705
3.9,0.377,342.039,17.89,0.04809577,1.490162171,0.624298164,0.453778115
3.9,0.377,342.039,17.89,0.997868161,1.477563104,1.87993346,0.511197523
3.9,0.377,342.039,17.89,1.333364395,1.46968774,2.396114578,0.612022258
3.9,0.377,342.039,17.89,2.118605495,1.478195332,3.673971738,0.52949389
3.9,0.377,342.039,17.89,0.008509333,1.614634607,0.680579936,0.382346494
3.9,0.377,342.039,17.89,1.541551088,1.556064046,2.765087101,0.485152864
3.9,0.377,342.039,17.89,1.126186084,1.480921806,2.208504533,0.601667071
3.9,0.377,342.039,17.89,2.897107145,1.433802767,4.095196379,0.562934378
3.9,0.377,342.039,17.89,0.11203357,1.473548284,0.706964393,0.450157134
3.9,0.377,342.039,17.89,0.002717421,1.503459835,0.518869002,0.458690757
3.9,0.377,342.039,17.89,6.856222445,1.505788395,9.703917096,0.530026242
3.9,0.377,342.039,17.89,0.620811848,1.493582113,1.319163063,0.466657496
3.9,0.377,342.039,17.89,0.108646549,1.475503133,0.690666635,0.474454522
3.9,0.377,342.039,17.89,0.227045995,1.624272599,0.931678742,0.348362464
3.9,0.377,342.039,17.89,1.129808546,1.486584697,2.143497712,0.588985793
3.9,0.377,342.039,17.89,2.408256947,1.484035966,4.078940693,0.536269816
3.9,0.377,342.039,17.89,-0.19683037,1.619365611,0.389100347,0.410497509
3.9,0.377,342.039,17.89,-0.189122844,1.440079771,0.517493753,0.600852058
3.9,0.377,342.039,17.89,1.288665629,1.552809537,2.449337228,0.490502479
3.9,0.377,342.039,17.89,-0.160632871,1.454355131,0.547556307,0.630833117
3.9,0.377,342.039,17.89,0.19343795,1.621530361,0.906403464,0.37265121
3.9,0.377,342.039,17.89,0.881327419,1.483133272,1.885396783,0.593298729
3.9,0.377,342.039,17.89,-0.063005222,1.48601931,0.503829303,0.463671091
3.9,0.377,342.039,17.89,-0.594533239,1.47979928,-0.165762444,0.484955226
3.9,0.377,342.039,17.89,-0.084816125,1.442195043,0.629510709,0.623390337
3.9,0.377,342.039,17.89,2.694345915,1.408926685,3.863107242,0.579651437
3.9,0.377,342.039,17.89,1.925661892,1.552356851,3.249767637,0.489128941
3.9,0.377,342.039,17.89,1.356060239,1.5095052,2.491989497,0.455193067
3.9,0.377,342.039,17.89,0.513309649,1.477454818,1.287693456,0.505472365
3.9,0.377,342.039,17.89,-0.140241206,1.445290679,0.563097558,0.652163332
3.9,0.377,342.039,17.89,0.703555302,1.463266573,1.52253399,0.521927054
3.9,0.377,342.039,17.89,0.270756214,1.468937273,0.932878578,0.470261633
3.9,0.377,342.039,17.89,3.112660616,1.419055396,4.365987217,0.581235207
3.9,0.377,342.039,17.89,1.757048152,1.494511585,3.19181468,0.522596642
3.9,0.377,342.039,17.89,2.114635599,1.547961279,3.480818156,0.490983496
3.9,0.377,342.039,17.89,6.972570014,1.501172897,9.876001446,0.528619399
3.9,0.377,342.039,17.89,0.318397591,1.462146135,1.044939244,0.49426609
3.9,0.377,342.039,17.89,3.297621933,1.414589538,4.639109288,0.564702091
3.9,0.377,342.039,17.89,0.176209155,1.638633666,0.922168083,0.361148782
3.9,0.377,342.039,17.89,0.413563943,1.469866358,1.190834864,0.51738193
3.9,0.377,342.039,17.89,0.44191786,1.623919678,1.223309872,0.373225644
3.9,0.377,342.039,17.89,0.073584992,1.449011818,0.848808613,0.626715202
3.9,0.377,342.039,17.89,2.705876545,1.423458452,3.890466991,0.565864091
3.9,0.377,342.039,17.89,2.413784829,1.448297677,3.425040864,0.561282962
3.9,0.377,342.039,17.89,0.105871921,1.61880911,0.824894228,0.418759873
3.9,0.377,342.039,17.89,-0.308819365,1.453694871,0.362254343,0.527786411
3.9,0.377,342.039,17.89,-0.058659251,1.449648541,0.611853197,0.664829362
3.9,0.377,342.039,17.89,0.376835482,1.616620733,1.13614995,0.384028633
3.9,0.377,342.039,17.89,0.382115548,1.618864215,1.144298352,0.38712424
3.9,0.377,342.039,17.89,3.406378844,1.428985155,4.70423013,0.577026956
3.9,0.377,342.039,17.89,0.090810454,1.438575258,0.840861884,0.653438892
3.9,0.377,342.039,17.89,2.263452703,1.486852447,3.866566128,0.538544771
3.9,0.377,342.039,17.89,1.110778928,1.505334935,2.233004171,0.472798743
3.9,0.377,342.039,17.89,9.86592001,1.482689276,13.00482779,0.502814992
3.9,0.377,342.039,17.89,0.311151569,1.626499443,1.09238312,0.411271304
3.9,0.377,342.039,17.89,0.333313409,1.450637313,1.173210667,0.649186233
3.9,0.377,342.039,17.89,2.416878615,1.441693063,3.418701314,0.568038915
3.9,0.377,342.039,17.89,0.036258336,1.448499647,0.821344073,0.542937291
3.9,0.377,342.039,17.89,1.273240277,1.568964076,2.444583678,0.470347068
3.9,0.377,342.039,17.89,-0.39912307,1.480817195,0.030376248,0.46795189
3.9,0.377,342.039,17.89,4.998725408,1.425484946,6.413330144,0.566686777
3.9,0.377,342.039,17.89,-0.406199127,1.44960623,0.244054071,0.599902594
3.9,0.377,342.039,17.89,1.774364811,1.506698952,3.254387838,0.510018939
3.9,0.377,342.039,17.89,2.684879596,1.429701187,3.904902487,0.554015487
3.9,0.377,342.039,17.89,0.35680503,1.453507319,1.213186393,0.634256837
3.9,0.377,342.039,17.89,0.03324123,1.43867003,0.791508534,0.645340843
3.9,0.377,342.039,17.89,-0.198794937,1.639069461,0.380427237,0.314791586
3.9,0.377,342.039,17.89,0.156677923,1.448112268,0.944850809,0.654075947
3.9,0.377,342.039,17.89,1.324025879,1.470099333,2.432747014,0.602388974
3.9,0.377,342.039,17.89,-0.003777501,1.628291455,0.6431573,0.340212929
3.9,0.377,342.039,17.89,1.003197012,1.543165207,2.10871071,0.503688869
3.9,0.377,342.039,17.89,-0.13538931,1.497778407,0.395729827,0.474636296
3.9,0.377,342.039,17.89,1.447906849,1.507040278,2.623166355,0.462335649
3.9,0.377,342.039,17.89,6.895465492,1.502275838,9.715203801,0.511647873
3.9,0.377,342.039,17.89,1.598304659,1.479531383,2.973460581,0.555315641
3.9,0.377,342.039,17.89,-0.424574947,1.439711891,0.170566422,0.676184483
3.9,0.377,342.039,17.89,0.991715668,1.481640013,2.040505464,0.596330893
3.9,0.377,342.039,17.89,0.184488897,1.468949604,0.799315825,0.465586054
3.9,0.377,342.039,17.89,0.778757365,1.480014282,1.614608274,0.504575438
3.9,0.377,342.039,17.89,0.400671926,1.469681197,1.175137144,0.527973818
3.9,0.377,342.039,17.89,0.439281152,1.614734165,1.167090093,0.346053521
3.9,0.377,342.039,17.89,0.783981004,1.613306482,1.573372033,0.397108688
3.9,0.377,342.039,17.89,0.005587331,1.620362113,0.708721816,0.379962334
3.9,0.377,342.039,17.89,0.007736938,1.49469063,0.527485592,0.459413977
3.9,0.377,342.039,17.89,0.030889487,1.475627146,0.609036193,0.477303655
3.9,0.377,342.039,17.89,0.336201637,1.430976211,1.080547889,0.678658853
3.9,0.377,342.039,17.89,0.28312583,1.489389786,0.877636557,0.466255995
3.9,0.377,342.039,17.89,2.695968537,1.442701075,3.878075499,0.604907674
3.9,0.377,342.039,17.89,-0.055056475,1.463914185,0.700165233,0.580566389
3.9,0.377,342.039,17.89,0.524344547,1.620865075,1.315212072,0.373234833
3.9,0.377,342.039,17.89,0.115643167,1.430137053,0.850997659,0.69061596
3.9,0.377,342.039,17.89,0.047167996,1.631511933,0.727455673,0.33974815
3.9,0.377,342.039,17.89,0.295193391,1.620702828,1.053971361,0.378888976
3.9,0.377,342.039,17.89,0.217134544,1.455391212,1.040155348,0.604278529
3.9,0.377,342.039,17.89,-0.014677372,1.621333106,0.623838246,0.346752235
3.9,0.377,342.039,17.89,0.321473019,1.4457846,1.126452991,0.647702493
3.9,0.377,342.039,17.89,-0.325851711,1.476288767,0.137364296,0.495141966
3.9,0.377,342.039,17.89,0.349217682,1.63581311,1.11392308,0.366688661
3.9,0.377,342.039,17.89,-0.003122308,1.492341498,0.537180149,0.472133385
3.9,0.377,342.039,17.89,-0.274364935,1.436701952,0.410023017,0.55580667
3.9,0.377,342.039,17.89,0.830211386,1.476084271,1.796294039,0.593911254
3.9,0.377,342.039,17.89,-0.227830078,1.498698432,0.25719333,0.426802173
3.9,0.377,342.039,17.89,0.181858432,1.452808363,1.015244779,0.590146881
3.9,0.377,342.039,17.89,5.122727262,1.427749689,6.634684978,0.573865943
3.9,0.377,342.039,17.89,-0.234417064,1.439121648,0.447924834,0.549994709
3.9,0.377,342.039,17.89,5.212748849,1.427367083,6.8163757,0.564782082
3.9,0.377,342.039,17.89,-0.038031362,1.433798373,0.505394285,0.489644751
3.9,0.377,342.039,17.89,2.06162144,1.482973698,3.596840284,0.537288982
3.9,0.377,342.039,17.89,0.623713346,1.477562653,1.349151227,0.46211362
3.9,0.377,342.039,17.89,0.494372748,1.619656288,1.229734546,0.391010144
3.9,0.377,342.039,17.89,1.42936947,1.482689075,2.539309587,0.587659809
3.9,0.377,342.039,17.89,7.084047624,1.510576726,9.938804493,0.510164148
3.9,0.377,342.039,17.89,0.682783433,1.620734266,1.531300188,0.412656931
3.9,0.377,342.039,17.89,0.340681021,1.435330279,1.207858254,0.558898637
3.9,0.377,342.039,17.89,-0.038458997,1.450385401,0.722077468,0.603001009
3.9,0.377,342.039,17.89,-0.176387421,1.467348375,0.391339153,0.480908831
3.9,0.377,342.039,17.89,2.686820665,1.439468938,3.812185118,0.574664779
3.9,0.377,342.039,17.89,0.296536052,1.612399211,1.055083747,0.379290955
3.9,0.377,342.039,17.89,0.128083692,1.623537062,0.841730843,0.382150853
3.9,0.377,342.039,17.89,-0.223030656,1.635218796,0.417438416,0.372052342
3.9,0.377,342.039,17.89,0.334546141,1.451762985,1.098544149,0.648164722
3.9,0.377,342.039,17.89,0.372665127,1.448066541,1.154708863,0.660482917
3.9,0.377,342.039,17.89,0.445764362,1.437856092,1.273756784,0.647838876
3.9,0.377,342.039,17.89,0.097338227,1.447692295,0.783902076,0.658599067
3.9,0.377,342.039,17.89,2.868361007,1.43091615,4.084700772,0.556351012
3.9,0.377,342.039,17.89,0.159395135,1.449048499,0.807392657,0.466208968
3.9,0.377,342.039,17.89,-0.091708362,1.452821907,0.57029662,0.669323433
3.9,0.377,342.039,17.89,0.014072884,1.506973849,0.556992231,0.440391989
3.9,0.377,342.039,17.89,-0.011920821,1.488711232,0.559298823,0.434102602
3.9,0.377,342.039,17.89,-0.157228131,1.441753165,0.510541992,0.674765439
3.9,0.377,342.039,17.89,2.423178892,1.434555146,3.548399649,0.556222971
3.9,0.377,342.039,17.89,0.191537166,1.627309903,0.925860966,0.370436011
3.9,0.377,342.039,17.89,0.081556571,1.435236467,0.839536855,0.679850426
3.9,0.377,342.039,17.89,5.409800728,1.443666042,6.956992398,0.530932386
3.9,0.377,342.039,17.89,2.016182641,1.492680999,3.534554519,0.518404852
3.9,0.377,342.039,17.89,-0.108066444,1.623595547,0.482438257,0.337512248
3.9,0.377,342.039,17.89,6.905794088,1.507442947,9.66645429,0.50411862
3.9,0.377,342.039,17.89,0.954456353,1.481673084,1.970553252,0.592666269
3.9,0.377,342.039,17.89,0.075436127,1.449913867,0.882082745,0.608939319
3.9,0.377,342.039,17.89,2.392777247,1.420889676,3.499682362,0.571974694
3.9,0.377,342.039,17.89,0.397613422,1.630380506,1.135313646,0.415543459
3.9,0.377,342.039,17.89,1.572283141,1.514537012,2.776708431,0.477817006
3.9,0.377,342.039,17.89,2.420104363,1.441732602,3.498867205,0.595088713
3.9,0.377,342.039,17.89,0.097596465,1.465194069,0.802687384,0.531792115
3.9,0.377,342.039,17.89,-0.016988151,1.475511878,0.577415669,0.467977642
3.9,0.377,342.039,17.89,4.679820676,1.449263423,6.178738456,0.551108411
3.9,0.377,342.039,17.89,-0.141417384,1.451493887,0.530352143,0.661951622
3.9,0.377,342.039,17.89,2.927622234,1.430049806,4.166117634,0.549081253
3.9,0.377,342.039,17.89,-0.094361664,1.456108863,0.650930156,0.661979921
3.9,0.377,342.039,17.89,2.521402512,1.431808758,3.629777186,0.600666744
3.9,0.377,342.039,17.89,2.162408559,1.493302494,3.710667097,0.527275361
3.9,0.377,342.039,17.89,-0.240747877,1.497849057,0.216807325,0.459527736
3.9,0.377,342.039,17.89,-0.334355242,1.440933788,0.303694193,0.671798001
3.9,0.377,342.039,17.89,3.086551276,1.424383324,4.373501386,0.561680578
3.9,0.377,342.039,17.89,-0.124101163,1.439685376,0.531231255,0.671250047
3.9,0.377,342.039,17.89,0.328655618,1.62239619,1.068692924,0.401052692
3.9,0.377,342.039,17.89,2.619520497,1.434535869,3.804296243,0.548344107
3.9,0.377,342.039,17.89,-0.060258184,1.45834531,0.636420271,0.638593213
3.9,0.377,342.039,17.89,0.3580844,1.431488598,1.176903295,0.689109335
3.9,0.377,342.039,17.89,-0.203031121,1.44428329,0.488887254,0.645844759
3.9,0.377,342.039,17.89,-0.197091228,1.626427492,0.381287968,0.347892924
3.9,0.377,342.039,17.89,0.194030587,1.435708404,1.024887374,0.537961959
3.9,0.377,342.039,17.89,0.580881013,1.469394858,1.291200962,0.478610738
3.9,0.377,342.039,17.89,1.08948334,1.45467184,2.0115708,0.530568383
3.9,0.377,342.039,17.89,0.730218261,1.494251624,1.565471829,0.474425518
3.9,0.377,342.039,17.89,7.075089106,1.529686994,9.862143023,0.517092504
3.9,0.377,342.039,17.89,-0.426211397,1.428229559,0.17405341,0.684332023
3.9,0.377,342.039,17.89,0.15589909,1.500632586,0.738678533,0.465355864
3.9,0.377,342.039,17.89,1.770063481,1.560697916,3.021768829,0.466595672
3.9,0.377,342.039,17.89,-0.120098234,1.489201934,0.368999198,0.469717531
3.9,0.377,342.039,17.89,0.06685375,1.475683781,0.648856946,0.468221663
3.9,0.377,342.039,17.89,-0.456194934,1.444460903,0.148288962,0.662201331
3.9,0.377,342.039,17.89,-0.258169827,1.612301505,0.306199377,0.350339704
3.9,0.377,342.039,17.89,5.023032767,1.425236486,6.457270466,0.566611888
3.9,0.377,342.039,17.89,-0.301645321,1.458977473,0.162531369,0.455884915
3.9,0.377,342.039,17.89,-0.160894069,1.61886682,0.455430407,0.345323049
3.9,0.377,342.039,17.89,0.03349383,1.437504939,0.816035816,0.555742082
3.9,0.377,342.039,17.89,5.120315125,1.443517475,6.582073208,0.538592169
3.9,0.377,342.039,17.89,-0.346974698,1.443290239,0.257053107,0.660349089
3.9,0.377,342.039,17.89,-0.24353423,1.426276352,0.389698558,0.700522406
3.9,0.377,342.039,17.89,0.587250525,1.489273193,1.355598079,0.490888509
3.9,0.377,342.039,17.89,-0.054754613,1.488419272,0.503817171,0.444766701
3.9,0.377,342.039,17.89,4.869528176,1.437250598,6.30372537,0.55400397
3.9,0.377,342.039,17.89,0.014022422,1.45563486,0.742332371,0.659426973
3.9,0.377,342.039,17.89,4.396743283,1.432838619,5.686936531,0.551946353
3.9,0.377,342.039,17.89,0.277093488,1.425847007,1.080657635,0.657190786
3.9,0.377,342.039,17.89,0.033161679,1.483405101,0.601850637,0.435867205
3.9,0.377,342.039,17.89,0.243346193,1.466161301,0.873529757,0.477004896
3.9,0.377,342.039,17.89,0.085514994,1.62022441,0.762696161,0.40668457
3.9,0.377,342.039,17.89,-0.119371698,1.446536626,0.59135216,0.639107904
3.9,0.377,342.039,17.89,0.288352385,1.629868333,0.996552117,0.417268891
3.9,0.377,342.039,17.89,5.11718629,1.422480902,6.602398223,0.573416722
3.9,0.377,342.039,17.89,0.969306557,1.486910631,1.975162851,0.584725439
3.9,0.377,342.039,17.89,-0.16454901,1.620737685,0.493614445,0.380204615
3.9,0.377,342.039,17.89,6.862303042,1.4927694,9.607750662,0.521295629
3.9,0.377,342.039,17.89,0.633912941,1.4985439,1.562862901,0.567329315
3.9,0.377,342.039,17.89,4.762562126,1.440732251,6.11429163,0.556055325
3.9,0.377,342.039,17.89,4.835933212,1.427508625,6.256967107,0.558423175
3.9,0.377,342.039,17.89,0.172327484,1.470232089,0.892195612,0.514312776
3.9,0.377,342.039,17.89,0.18107405,1.430701626,0.966102096,0.688794686
3.9,0.377,342.039,17.89,2.015263518,1.543794163,3.368063816,0.499384665
3.9,0.377,342.039,17.89,0.137526672,1.447888729,0.938402643,0.63385336
3.9,0.377,342.039,17.89,0.041172871,1.491732111,0.608128872,0.456181933
3.9,0.377,342.039,17.89,7.189418006,1.537670675,9.999318501,0.510835847
3.9,0.377,342.039,17.89,-0.251755152,1.444613253,0.296610214,0.476229212
3.9,0.377,342.039,17.89,-0.095908347,1.458776677,0.635438285,0.631289453
3.9,0.377,342.039,17.89,4.813291424,1.446778035,6.330847811,0.550667966
3.9,0.377,342.039,17.89,-0.185737685,1.444777168,0.477718021,0.668417509
3.9,0.377,342.039,17.89,-0.103701481,1.48697778,0.43171745,0.463689601
3.9,0.377,342.039,17.89,5.009789513,1.445652469,6.444354956,0.542876283
3.9,0.377,342.039,17.89,0.182994193,1.478027494,0.774414361,0.464004452
3.9,0.377,342.039,17.89,0.561115972,1.430476686,1.437374536,0.688163629
3.9,0.377,342.039,17.89,2.210409945,1.448943101,3.184239225,0.562240315
3.9,0.377,342.039,17.89,2.700048145,1.413621395,3.901413029,0.579011177
3.9,0.377,342.039,17.89,1.191039244,1.552835588,2.320740094,0.48510571
3.9,0.377,342.039,17.89,0.195463698,1.615150974,0.867114468,0.357361477
3.9,0.377,342.039,17.89,2.898681941,1.423952242,4.108386156,0.577994737
3.9,0.377,342.039,17.89,-0.203609874,1.632342621,0.40687933,0.41551476
3.9,0.377,342.039,17.89,1.239311864,1.490454792,2.287516551,0.565084822
3.9,0.377,342.039,17.89,9.95007572,1.474362779,13.10319121,0.518489579
3.9,0.377,342.039,17.89,0.231334187,1.483284964,0.879268925,0.474147657
3.9,0.377,342.039,17.89,2.566395025,1.44971802,3.670194948,0.579472091
3.9,0.377,342.039,17.89,2.974667582,1.438485473,4.161756736,0.557766401
3.9,0.377,342.039,17.89,2.912477672,1.415617053,4.14992741,0.579627985
3.9,0.377,342.039,17.89,0.905899295,1.477548603,1.872604704,0.591170366
3.9,0.377,342.039,17.89,0.578864176,1.445865041,1.454255945,0.650400577
3.9,0.377,342.039,17.89,6.94167395,1.510992419,9.776008184,0.502784103
3.9,0.377,342.039,17.89,0.275908098,1.425478504,1.095206261,0.543058285
3.9,0.377,342.039,17.89,0.354991368,1.624806423,1.084141572,0.350841972
3.9,0.377,342.039,17.89,1.896867487,1.47433071,3.381284245,0.544271936
3.9,0.377,342.039,17.89,5.184651499,1.435318747,6.667472648,0.54860156
3.9,0.377,342.039,17.89,0.311638494,1.492833897,0.923166049,0.460542617
3.9,0.377,342.039,17.89,0.273041187,1.445200993,1.09445208,0.674526802
3.9,0.377,342.039,17.89,-0.106057168,1.445794668,0.527943985,0.660154331
3.9,0.377,342.039,17.89,4.860654541,1.431628221,6.243643701,0.542311187
3.9,0.377,342.039,17.89,-0.189429458,1.421403635,0.519187495,0.581566622
3.9,0.377,342.039,17.89,-0.045498229,1.443403798,0.623366218,0.681990881
3.9,0.377,342.039,17.89,-0.143202912,1.43480413,0.591478404,0.556213242
3.9,0.377,342.039,17.89,6.984109958,1.501746178,9.863443313,0.529321683
3.9,0.377,342.039,17.89,0.014896516,1.48489333,0.503974168,0.475213173
3.9,0.377,342.039,17.89,0.01397358,1.448517151,0.750829151,0.661427874
3.9,0.377,342.039,17.89,0.2677667,1.629996464,0.97848136,0.336245985
3.9,0.377,342.039,17.89,0.259706603,1.430639067,1.069063643,0.684116903
3.9,0.377,342.039,17.89,0.163341001,1.428806629,0.955497818,0.538550341
3.9,0.377,342.039,17.89,0.343025665,1.637306585,1.0681893,0.329361523
3.9,0.377,342.039,17.89,0.619187789,1.624386639,1.424698577,0.342712456
3.9,0.377,342.039,17.89,0.154270377,1.485787532,0.708028675,0.452464804
3.9,0.377,342.039,17.89,0.830238095,1.491181492,1.824586535,0.572386635
3.9,0.377,342.039,17.89,-0.459489384,1.481776098,-0.016194779,0.474862448
3.9,0.377,342.039,17.89,0.049299262,1.501031132,0.61867836,0.466424442
3.9,0.377,342.039,17.89,-0.018825353,1.615748545,0.610329994,0.358760362
3.9,0.377,342.039,17.89,0.135420048,1.615008927,0.860765021,0.390665861
3.9,0.377,342.039,17.89,4.876181762,1.438778917,6.256303978,0.53965721
3.9,0.377,342.039,17.89,2.027054136,1.480023673,3.556695346,0.540174841
3.9,0.377,342.039,17.89,0.274677134,1.463184726,0.991517581,0.518715449
3.9,0.377,342.039,17.89,2.208819871,1.441966068,3.204522398,0.573936374
3.9,0.377,342.039,17.89,-0.323953797,1.460392114,0.375186987,0.645248664
3.9,0.377,342.039,17.89,6.771873199,1.513814011,9.555563372,0.495032029
3.9,0.377,342.039,17.89,4.794750377,1.448654936,6.296580416,0.541869325
3.9,0.377,342.039,17.89,5.274369908,1.44873652,6.775835602,0.535207754
3.9,0.377,342.039,17.89,-0.044124745,1.462474393,0.710173304,0.579671992
3.9,0.377,342.039,17.89,0.580845368,1.477651505,1.383557878,0.509839463
3.9,0.377,342.039,17.89,0.15609073,1.43476065,0.943879482,0.527426277
3.9,0.377,342.039,17.89,-0.019031652,1.627284818,0.624876422,0.338550395
3.9,0.377,342.039,17.89,7.058190544,1.496618475,9.947944736,0.534859819
3.9,0.377,342.039,17.89,3.385825334,1.426253577,4.716040589,0.584226323
3.9,0.377,342.039,17.89,0.290050174,1.623488918,0.991112405,0.347933092
3.9,0.377,342.039,17.89,0.338954367,1.624225118,1.071889016,0.413368837
3.9,0.377,342.039,17.89,-0.070486138,1.624334039,0.622252944,0.375351315
3.9,0.377,342.039,17.89,2.261075291,1.416300125,3.338140444,0.576922361
3.9,0.377,342.039,17.89,0.213231485,1.47527402,0.839164502,0.458907351
3.9,0.377,342.039,17.89,-0.130799436,1.461948285,0.578196594,0.572512954
3.9,0.377,342.039,17.89,0.272654727,1.468821132,1.039355114,0.512802604
3.9,0.377,342.039,17.89,0.078206545,1.437968133,0.861686568,0.549627655
3.9,0.377,342.039,17.89,2.546807769,1.441988742,3.627009282,0.566797185
3.9,0.377,342.039,17.89,0.177724949,1.442263672,0.992054059,0.523133728
3.9,0.377,342.039,17.89,-0.200271688,1.629758369,0.343472045,0.411738201
3.9,0.377,342.039,17.89,0.296976762,1.450834403,1.118443515,0.665718956
3.9,0.377,342.039,17.89,2.86669805,1.418919854,4.123530267,0.561573781
3.9,0.377,342.039,17.89,-0.08526201,1.440944648,0.667204845,0.556122628
3.9,0.377,342.039,17.89,0.293371214,1.64155483,0.978618087,0.393312414
3.9,0.377,342.039,17.89,0.057171031,1.436668717,0.873458537,0.542725711
3.9,0.377,342.039,17.89,0.22850869,1.447680431,1.032062748,0.540939721
3.9,0.377,342.039,17.89,-0.041284891,1.473757365,0.492999655,0.500838152
3.9,0.377,342.039,17.89,0.584362023,1.469528648,1.383570829,0.510888396
3.9,0.377,342.039,17.89,-0.077335813,1.611648152,0.521251998,0.358598795
3.9,0.377,342.039,17.89,0.005774105,1.43924696,0.721551245,0.625977256
3.9,0.377,342.039,17.89,0.607966164,1.471061867,1.393629746,0.504743433
3.9,0.377,342.039,17.89,0.346825661,1.429729823,1.157973215,0.692700928
3.9,0.377,342.039,17.89,1.076233419,1.498894204,2.073877165,0.555852812
3.9,0.377,342.039,17.89,1.313903076,1.519406901,2.438892606,0.470521797
3.9,0.377,342.039,17.89,3.046664522,1.436624109,4.270720233,0.558918246
3.9,0.377,342.039,17.89,2.411730115,1.432642166,3.446664649,0.581910933
3.9,0.377,342.039,17.89,5.200986808,1.431203813,6.718219765,0.557093998
3.9,0.377,342.039,17.89,0.034623006,1.621466191,0.767173786,0.386806129
3.9,0.377,342.039,17.89,0.277086687,1.453041704,1.031291491,0.655797896
3.9,0.377,342.039,17.89,2.863379297,1.415185908,4.093641426,0.575122058
3.9,0.377,342.039,17.89,-0.110436993,1.650717103,0.55661759,0.347887556
3.9,0.377,342.039,17.89,-0.00195348,1.468108776,0.624527531,0.479313176
3.9,0.377,342.039,17.89,0.163936879,1.634834242,0.861947577,0.358865032
3.9,0.377,342.039,17.89,-0.024454499,1.444902522,0.648204432,0.667910647
3.9,0.377,342.039,17.89,0.331550561,1.632010064,1.049173617,0.344995419
3.9,0.377,342.039,17.89,0.519361508,1.474399558,1.306534198,0.512593631
3.9,0.377,342.039,17.89,2.126126792,1.492851408,3.624509506,0.52872021
3.9,0.377,342.039,17.89,2.481305398,1.437702978,3.612451568,0.621975868
3.9,0.377,342.039,17.89,-0.114092666,1.619575897,0.54227859,0.384448144
3.9,0.377,342.039,17.89,0.144373979,1.425265372,0.955435128,0.56736384
3.9,0.377,342.039,17.89,0.315190805,1.490825151,0.906637549,0.473201302
3.9,0.377,342.039,17.89,5.361764321,1.442528636,6.911082978,0.546811929
3.9,0.377,342.039,17.89,1.895771162,1.479662542,3.397269431,0.538486032
3.9,0.377,342.039,17.89,1.11608926,1.495353344,2.194894703,0.470005126
3.9,0.377,342.039,17.89,1.477683686,1.501659932,2.657478443,0.473362601
3.9,0.377,342.039,17.89,0.024371358,1.443173949,0.728984183,0.636952239
3.9,0.377,342.039,17.89,0.015628294,1.492743074,0.541322121,0.474620006
3.9,0.377,342.039,17.89,4.947655555,1.448632201,6.368074104,0.533073569
3.9,0.377,342.039,17.89,3.007283716,1.420899477,4.192880953,0.582057167
3.9,0.377,342.039,17.89,-0.422746999,1.507012373,-0.000690566,0.451659656
3.9,0.377,342.039,17.89,0.577481497,1.477235978,1.388093715,0.501056608
3.9,0.377,342.039,17.89,0.56970989,1.485894345,1.408542932,0.503209239
3.9,0.377,342.039,17.89,0.834272623,1.483781048,1.822707648,0.600916191
3.9,0.377,342.039,17.89,5.060604595,1.442967976,6.648651917,0.549325935
3.9,0.377,342.039,17.89,0.168054473,1.4508669,0.986663679,0.53540835
3.9,0.377,342.039,17.89,1.470235591,1.512072699,2.648326417,0.481354584
3.9,0.377,342.039,17.89,-0.20973275,1.621289404,0.436643755,0.400209309
3.9,0.377,342.039,17.89,0.597359781,1.620080562,1.384999408,0.353584918
3.9,0.377,342.039,17.89,0.355171168,1.446553962,1.044275095,0.482148827
3.9,0.377,342.039,17.89,2.038946414,1.479792036,3.551933928,0.542112341
3.9,0.377,342.039,17.89,0.191768396,1.429260644,0.990101391,0.656454407
3.9,0.377,342.039,17.89,0.604952712,1.471028697,1.373115016,0.452632676
3.9,0.377,342.039,17.89,1.286388482,1.516156787,2.409491661,0.478238857
3.9,0.377,342.039,17.89,0.020448035,1.447671639,0.739809888,0.652411561
3.9,0.377,342.039,17.89,0.261174272,1.434415049,1.085302546,0.690773902
3.9,0.377,342.039,17.89,0.352098111,1.472736816,1.145583897,0.506899464
3.9,0.377,342.039,17.89,-0.321770427,1.430356726,0.329558849,0.688830318
3.9,0.377,342.039,17.89,0.281954702,1.451860486,1.041019443,0.655721753
3.9,0.377,342.039,17.89,0.65745791,1.475806737,1.459456489,0.505301846
3.9,0.377,342.039,17.89,0.708492884,1.464848529,1.546099163,0.528904729
3.9,0.377,342.039,17.89,0.114223963,1.457597563,0.91996748,0.599451567
3.9,0.377,342.039,17.89,0.164314643,1.62184627,0.905299121,0.373995881
3.9,0.377,342.039,17.89,0.242843434,1.613603718,0.933401739,0.36257591
3.9,0.377,342.039,17.89,0.345009792,1.471914011,1.084973214,0.509717137
3.9,0.377,342.039,17.89,-0.033191357,1.613633287,0.656935578,0.37992316
3.9,0.377,342.039,17.89,0.113726817,1.486134911,0.68519162,0.475020967
3.9,0.377,342.039,17.89,-0.160317507,1.447337738,0.527738312,0.668845925
3.9,0.377,342.039,17.89,2.850437282,1.430700489,4.111124233,0.546225499
3.9,0.377,342.039,17.89,-0.13097997,1.637645536,0.488350179,0.31999435
3.9,0.377,342.039,17.89,0.194162742,1.632599428,0.935688598,0.374572053
3.9,0.377,342.039,17.89,0.031881545,1.476635534,0.641147645,0.465761695
3.9,0.377,342.039,17.89,-0.128944766,1.483056613,0.398439837,0.444076673
3.9,0.377,342.039,17.89,0.210230195,1.465760707,1.033282351,0.578917966
3.9,0.377,342.039,17.89,2.045740585,1.490287165,3.54710099,0.5327499
3.9,0.377,342.039,17.89,0.625285072,1.435055478,1.502420204,0.549092455
3.9,0.377,342.039,17.89,1.262054383,1.520524281,2.416202232,0.476018768
3.9,0.377,342.039,17.89,1.79500338,1.516630162,3.050922708,0.474956229
3.9,0.377,342.039,17.89,0.143738562,1.443947047,0.931980915,0.650734636
3.9,0.377,342.039,17.89,-0.271108404,1.627088212,0.305043764,0.328614882
3.9,0.377,342.039,17.89,0.10303203,1.467536283,0.778054313,0.473118968
3.9,0.377,342.039,17.89,-0.119821737,1.431142605,0.578258599,0.557555276
3.9,0.377,342.039,17.89,4.741481352,1.446439003,6.132176,0.543835714
3.9,0.377,342.039,17.89,-0.112002053,1.481123839,0.559077399,0.509458882
3.9,0.377,342.039,17.89,0.247374925,1.631934563,0.953880388,0.334624859
3.9,0.377,342.039,17.89,0.271650658,1.444034903,1.025208439,0.684805573
3.9,0.377,342.039,17.89,10.0553281,1.487312717,13.24947255,0.49727984
3.9,0.377,342.039,17.89,1.415438943,1.516400635,2.583983022,0.482717171
3.9,0.377,342.039,17.89,5.228266615,1.442259117,6.77931923,0.553463976
3.9,0.377,342.039,17.89,0.230079056,1.434008185,0.978914594,0.675011982
3.9,0.377,342.039,17.89,0.091150882,1.493602479,0.664070689,0.479288701
3.9,0.377,342.039,17.89,0.027997954,1.441567217,0.773583,0.677800891
3.9,0.377,342.039,17.89,0.421179609,1.440835933,1.274130713,0.675220986
3.9,0.377,342.039,17.89,0.130924368,1.44285654,0.89556856,0.666451523
3.9,0.377,342.039,17.89,0.055107046,1.502571452,0.639499098,0.462183865
3.9,0.377,342.039,17.89,2.444105392,1.423422256,3.580726199,0.567913713
3.9,0.377,342.039,17.89,1.766197282,1.526584383,3.027441498,0.46575557
3.9,0.377,342.039,17.89,1.239878035,1.519965612,2.364169985,0.473733748
3.9,0.377,342.039,17.89,0.178822491,1.438552583,0.957960883,0.683855017
3.9,0.377,342.039,17.89,0.167291173,1.630493429,0.846531868,0.330325238
3.9,0.377,342.039,17.89,-0.027948049,1.431736429,0.6642741,0.682712368
3.9,0.377,342.039,17.89,-0.031925857,1.622849923,0.652501787,0.388894611
3.9,0.377,342.039,17.89,6.618295072,1.504689624,9.422473501,0.522703407
3.9,0.377,342.039,17.89,6.803565858,1.5198177,9.542192629,0.495338453
3.9,0.377,342.039,17.89,0.049724443,1.461549625,0.63158694,0.462137954
3.9,0.377,342.039,17.89,0.374893061,1.447074768,1.159959414,0.678863248
3.9,0.377,342.039,17.89,0.701345647,1.485335925,1.664916133,0.593990246
3.9,0.377,342.039,17.89,-0.095104978,1.455797234,0.619993785,0.614666698
3.9,0.377,342.039,17.89,1.809838151,1.493082468,3.248152878,0.526921311
3.9,0.377,342.039,17.89,0.098280301,1.464226854,0.843731583,0.589052572
3.9,0.377,342.039,17.89,0.359065894,1.434531392,1.106660991,0.676791363
3.9,0.377,342.039,17.89,-0.369554445,1.482796714,0.129143349,0.458065373
3.9,0.377,342.039,17.89,0.071089992,1.448497105,0.74349988,0.678589232
3.9,0.377,342.039,17.89,2.564240369,1.426507459,3.657656638,0.575517214
3.9,0.377,342.039,17.89,0.004829432,1.456503567,0.734141589,0.650097961
3.9,0.377,342.039,17.89,-0.268852255,1.442813894,0.379377342,0.670128523
3.9,0.377,342.039,17.89,2.412527218,1.443393642,3.502138861,0.599947662
3.9,0.377,342.039,17.89,-0.135956126,1.448945983,0.530011501,0.666849698
3.9,0.377,342.039,17.89,2.575192228,1.433883186,3.738918634,0.544809748
3.9,0.377,342.039,17.89,5.164860005,1.421790006,6.633475704,0.563989422
3.9,0.377,342.039,17.89,0.252265302,1.431472083,1.082268847,0.563539044
3.9,0.377,342.039,17.89,0.303908359,1.620810387,1.005325423,0.341184872
3.9,0.377,342.039,17.89,2.890068124,1.42264638,4.096549284,0.573100645
3.9,0.377,342.039,17.89,2.691892511,1.418878693,3.8901204,0.554827798
3.9,0.377,342.039,17.89,0.225357126,1.439068639,0.889847923,0.479590721
3.9,0.377,342.039,17.89,0.437928724,1.440755429,1.300727742,0.549305168
3.9,0.377,342.039,17.89,0.328417072,1.455802824,1.023194707,0.464085918
3.9,0.377,342.039,17.89,0.051054859,1.619728964,0.710864218,0.336027945
3.9,0.377,342.039,17.89,5.104972924,1.444927064,6.593171645,0.553780747
3.9,0.377,342.039,17.89,6.550864499,1.515170566,9.263856577,0.480074475
3.9,0.377,342.039,17.89,0.079823916,1.630587818,0.740604226,0.39021083
3.9,0.377,342.039,17.89,0.032878655,1.510007291,0.602324107,0.466864542
3.9,0.377,342.039,17.89,1.501687004,1.545462514,2.723353164,0.4990643
3.9,0.377,342.039,17.89,0.114703298,1.431399802,0.897275516,0.698420051
3.9,0.377,342.039,17.89,0.109943037,1.45519902,0.822971962,0.65631269
3.9,0.377,342.039,17.89,7.006461738,1.500673209,9.855602506,0.525128454
3.9,0.377,342.039,17.89,-0.174245924,1.634491629,0.389749853,0.39628266
3.9,0.377,342.039,17.89,0.043190189,1.454929948,0.653993115,0.469831031
3.9,0.377,342.039,17.89,6.831935225,1.507063322,9.687789544,0.522689424
3.9,0.377,342.039,17.89,0.059348324,1.479565455,0.642767106,0.476455334
3.9,0.377,342.039,17.89,0.014070851,1.611243191,0.639639104,0.350873909
3.9,0.377,342.039,17.89,0.25138352,1.638443323,1.014330315,0.362286642
3.9,0.377,342.039,17.89,0.381516177,1.444353315,1.15848538,0.673304055
3.9,0.377,342.039,17.89,-0.090394012,1.461010411,0.669077418,0.602918795
3.9,0.377,342.039,17.89,0.279817864,1.473987269,1.004541785,0.508331112
3.9,0.377,342.039,17.89,1.716750404,1.49349328,3.190444697,0.527162148
3.9,0.377,342.039,17.89,0.447929815,1.437137588,1.356050119,0.538830402
3.9,0.377,342.039,17.89,2.685811054,1.456577818,3.893520702,0.579886377
3.9,0.377,342.039,17.89,0.242765573,1.628351808,0.93372364,0.338058424
3.9,0.377,342.039,17.89,0.030456603,1.448202956,0.715865702,0.662866638
3.9,0.377,342.039,17.89,0.192539159,1.443175821,0.950738441,0.684439043
3.9,0.377,342.039,17.89,0.014374673,1.488826051,0.556708098,0.469956226
3.9,0.377,342.039,17.89,-0.283458231,1.448513186,0.450392893,0.593716732
3.9,0.377,342.039,17.89,0.569413109,1.451836342,1.471647662,0.608116823
3.9,0.377,342.039,17.89,1.070274131,1.488112064,2.08205632,0.566706178
3.9,0.377,342.039,17.89,-0.212424297,1.468042572,0.291045898,0.478462778
3.9,0.377,342.039,17.89,0.167419564,1.472717493,0.776526494,0.444574808
3.9,0.377,342.039,17.89,-0.350522167,1.482228259,0.110705115,0.475050501
3.9,0.377,342.039,17.89,-0.122446358,1.497937715,0.377078669,0.467197769
3.9,0.377,342.039,17.89,10.19841137,1.472230371,13.39378502,0.504437031
3.9,0.377,342.039,17.89,1.86874071,1.496420193,3.340992775,0.521664494
3.9,0.377,342.039,17.89,-0.377584668,1.502739343,0.068216296,0.464719927
3.9,0.377,342.039,17.89,0.210203497,1.617179686,0.988058855,0.381744917
3.9,0.377,342.039,17.89,0.375337018,1.449171609,1.171339319,0.674870719
3.9,0.377,342.039,17.89,0.010868459,1.426113943,0.757633701,0.537987267
3.9,0.377,342.039,17.89,6.61237093,1.503967061,9.370146697,0.526389534
3.9,0.377,342.039,17.89,-0.059565718,1.637534211,0.551319414,0.321843123
3.9,0.377,342.039,17.89,1.284884422,1.49559102,2.420071886,0.475540375
3.9,0.377,342.039,17.89,0.061848472,1.510316796,0.630034003,0.445306757
3.9,0.377,342.039,17.89,1.422557664,1.505817309,2.539908928,0.452576775
3.9,0.377,342.039,17.89,0.012288981,1.607750058,0.674562659,0.364737466
3.9,0.377,342.039,17.89,4.900313784,1.428371805,6.342950101,0.569091363
3.9,0.377,342.039,17.89,0.159394687,1.457029521,0.776435491,0.473474857
3.9,0.377,342.039,17.89,0.182879701,1.623182901,0.852245466,0.393176354
3.9,0.377,342.039,17.89,0.439132155,1.467926194,1.205110065,0.507893011
3.9,0.377,342.039,17.89,2.170962157,1.417433746,3.23543598,0.586894697
3.9,0.377,342.039,17.89,2.628111476,1.422005548,3.775426258,0.574484155
3.9,0.377,342.039,17.89,1.500106404,1.49109909,2.695276954,0.481418521
3.9,0.377,342.039,17.89,0.489920384,1.483292613,1.282157622,0.508020595
3.9,0.377,342.039,17.89,-0.1378461,1.635413915,0.490829067,0.334853126
3.9,0.377,342.039,17.89,0.178335467,1.458645084,0.963643758,0.645054808
3.9,0.377,342.039,17.89,0.50452904,1.444649082,1.309370023,0.665467373
3.9,0.377,342.039,17.89,0.318643304,1.45649518,1.173432091,0.589927321
3.9,0.377,342.039,17.89,0.087312367,1.628445956,0.769647743,0.339310337
3.9,0.377,342.039,17.89,0.388084258,1.439035683,1.22077001,0.666304892
3.9,0.377,342.039,17.89,0.00591277,1.495384732,0.546951796,0.469799981
3.9,0.377,342.039,17.89,7.158511305,1.53255087,9.967285534,0.517657898
3.9,0.377,342.039,17.89,0.356633547,1.465484584,1.011132005,0.47373772
3.9,0.377,342.039,17.89,0.126068617,1.427912885,0.954195966,0.550048275
3.9,0.377,342.039,17.89,0.440771604,1.486385409,1.12137892,0.491266212
3.9,0.377,342.039,17.89,0.365146677,1.456169055,1.223344594,0.598552046
3.9,0.377,342.039,17.89,0.39301939,1.624016862,1.147354207,0.403787616
3.9,0.377,342.039,17.89,0.392847484,1.433476733,1.189967084,0.645384664
3.9,0.377,342.039,17.89,-0.023301778,1.621480302,0.628495933,0.409217764
3.9,0.377,342.039,17.89,0.526907274,1.630945203,1.326246454,0.358824787
3.9,0.377,342.039,17.89,10.04712238,1.481948581,13.27311671,0.517004138
3.9,0.377,342.039,17.89,0.532787797,1.477843977,1.329784603,0.504527265
3.9,0.377,342.039,17.89,-0.122284395,1.441094283,0.559934046,0.676473206
3.9,0.377,342.039,17.89,1.911505781,1.470707775,3.414466632,0.555817157
3.9,0.377,342.039,17.89,0.566173017,1.447778296,1.443632229,0.663815138
3.9,0.377,342.039,17.89,0.364721551,1.623041735,1.111842919,0.332196394
3.9,0.377,342.039,17.89,2.815242879,1.423735378,4.030752485,0.557308557
3.9,0.377,342.039,17.89,0.392645317,1.612925487,1.134442016,0.401862993
3.9,0.377,342.039,17.89,0.062618988,1.629125676,0.73206943,0.34530972
3.9,0.377,342.039,17.89,0.140112823,1.629981619,0.795592011,0.412084227
3.9,0.377,342.039,17.89,0.254091003,1.481510701,0.867745927,0.474367268
3.9,0.377,342.039,17.89,2.421312854,1.445334731,3.460440548,0.566320956
3.9,0.377,342.039,17.89,0.191392922,1.50557861,0.802030451,0.45995573
3.9,0.377,342.039,17.89,-0.003248468,1.436635745,0.712655051,0.673568506
3.9,0.377,342.039,17.89,-0.196425238,1.508619582,0.305729552,0.444715403
3.9,0.377,342.039,17.89,10.48062189,1.48511222,13.79079821,0.509010529
3.9,0.377,342.039,17.89,0.146233194,1.44568077,0.972981723,0.603041
3.9,0.377,342.039,17.89,2.394464517,1.501288635,4.004861267,0.520254968
3.9,0.377,342.039,17.89,0.587811406,1.455241409,1.404830039,0.543109648
3.9,0.377,342.039,17.89,0.256322634,1.449418169,1.087457829,0.594908469
3.9,0.377,342.039,17.89,5.133345495,1.438369165,6.716590723,0.544954522
3.9,0.377,342.039,17.89,1.542461709,1.520202132,2.745253243,0.465972089
3.9,0.377,342.039,17.89,0.31398893,1.460392178,1.095283279,0.653863145
3.9,0.377,342.039,17.89,-0.215472912,1.636599163,0.368968504,0.324213009
3.9,0.377,342.039,17.89,1.265868957,1.571940847,2.40588978,0.460724139
3.9,0.377,342.039,17.89,1.106195369,1.486719721,2.160069228,0.590719282
3.9,0.377,342.039,17.89,1.888744401,1.489407611,3.358597712,0.538404718
3.9,0.377,342.039,17.89,0.199356587,1.624870792,0.940156499,0.370362241
3.9,0.377,342.039,17.89,2.102414747,1.487252087,3.63393618,0.53373577
3.9,0.377,342.039,17.89,5.05919381,1.441091349,6.519939958,0.546368827
3.9,0.377,342.039,17.89,1.060467397,1.485388226,2.098007477,0.595865889
3.9,0.377,342.039,17.89,0.143915459,1.622681994,0.832290856,0.395141893
3.9,0.377,342.039,17.89,0.131940037,1.481790461,0.710857489,0.445317581
3.9,0.377,342.039,17.89,1.977064279,1.481361424,3.464632748,0.545882693
3.9,0.377,342.039,17.89,0.075247894,1.443348359,0.870149315,0.544662104
3.9,0.377,342.039,17.89,2.199828115,1.445211425,3.148397117,0.554593461
3.9,0.377,342.039,17.89,-0.020619085,1.432638943,0.724676031,0.687077696
3.9,0.377,342.039,17.89,6.992490893,1.494208402,9.858730808,0.528736663
3.9,0.377,342.039,17.89,0.231824624,1.611719173,0.909273173,0.413430742
3.9,0.377,342.039,17.89,-0.240684292,1.636716552,0.329329199,0.330848773
3.9,0.377,342.039,17.89,6.990265646,1.511337134,9.769141068,0.501376323
3.9,0.377,342.039,17.89,0.915316949,1.466143653,1.844941133,0.531965762
3.9,0.377,342.039,17.89,1.242267593,1.555067634,2.418455034,0.489863295
3.9,0.377,342.039,17.89,1.217120815,1.547698794,2.386729348,0.496695605
3.9,0.377,342.039,17.89,0.347814567,1.478389842,1.011493322,0.451453408
3.9,0.377,342.039,17.89,0.159204329,1.464781832,0.807733407,0.463153981
3.9,0.377,342.039,17.89,1.562565682,1.541139224,2.77720803,0.513490891
3.9,0.377,342.039,17.89,0.344078309,1.619066962,1.099473901,0.411995584
3.9,0.377,342.039,17.89,1.055554264,1.478271191,2.028944123,0.584846047
3.9,0.377,342.039,17.89,0.160852425,1.468329133,0.794508299,0.454239406
3.9,0.377,342.039,17.89,6.834483792,1.536152741,9.579371311,0.511322003
3.9,0.377,342.039,17.89,0.023121817,1.643824833,0.701298858,0.356900249
3.9,0.377,342.039,17.89,0.003860842,1.444040444,0.779670946,0.548074124
3.9,0.377,342.039,17.89,-0.2251142,1.437082117,0.480407419,0.546240189
3.9,0.377,342.039,17.89,0.062581711,1.423787743,0.789354573,0.691712634
3.9,0.377,342.039,17.89,0.202614016,1.458958727,1.05015674,0.609158321
3.9,0.377,342.039,17.89,5.463167562,1.428544557,7.1483148,0.56312303
3.9,0.377,342.039,17.89,0.340130397,1.434073422,1.163739103,0.682819301
3.9,0.377,342.039,17.89,0.273482894,1.430748034,1.120575546,0.560388373
3.9,0.377,342.039,17.89,-0.240496654,1.626932299,0.321017948,0.334502987
3.9,0.377,342.039,17.89,0.309515223,1.613632567,1.005665158,0.402658447
3.9,0.377,342.039,17.89,-0.279440727,1.454365759,0.338245354,0.662383397
3.9,0.377,342.039,17.89,0.075414329,1.625894969,0.777135483,0.414659717
3.9,0.377,342.039,17.89,0.052555653,1.624531826,0.724510472,0.333015503
3.9,0.377,342.039,17.89,3.366354464,1.429488442,4.656017934,0.561957724
3.9,0.377,342.039,17.89,2.705518609,1.424288169,3.90972982,0.555483186
3.9,0.377,342.039,17.89,-0.191639433,1.454787681,0.370932299,0.459096471
3.9,0.377,342.039,17.89,1.079139486,1.483345095,2.102387537,0.588644874
3.9,0.377,342.039,17.89,10.46399768,1.474832853,13.71988406,0.513500509
3.9,0.377,342.039,17.89,2.341352994,1.446680177,3.345941815,0.557275003
3.9,0.377,342.039,17.89,-0.045895617,1.612192984,0.621010546,0.382477419
3.9,0.377,342.039,17.89,-0.094306691,1.487500259,0.440695175,0.479786299
3.9,0.377,342.039,17.89,0.2703519,1.599395443,0.991404927,0.425138157
3.9,0.377,342.039,17.89,1.563126365,1.504724817,2.746221879,0.459637172
3.9,0.377,342.039,17.89,0.235207131,1.634258403,0.954230587,0.330300958
3.9,0.377,342.039,17.89,0.273659845,1.452350681,1.14385492,0.606012068
3.9,0.377,342.039,17.89,0.291237846,1.481330202,0.890085422,0.484555203
3.9,0.377,342.039,17.89,0.184715202,1.624091563,0.910061575,0.376973874
3.9,0.377,342.039,17.89,0.144770665,1.451533542,0.953430133,0.526568943
3.9,0.377,342.039,17.89,10.09913646,1.475186527,13.32433511,0.527513156
3.9,0.377,342.039,17.89,10.21767495,1.479859706,13.47769513,0.508090389
3.9,0.377,342.039,17.89,-0.197919705,1.49216006,0.298830857,0.483713099
3.9,0.377,342.039,17.89,0.35260327,1.424616883,1.145471689,0.685372441
3.9,0.377,342.039,17.89,9.730055843,1.497621502,12.87952615,0.496469341
3.9,0.377,342.039,17.89,3.101113351,1.443874884,4.310190662,0.55270284
3.9,0.377,342.039,17.89,5.326771749,1.436255412,6.947162497,0.550214404
3.9,0.377,342.039,17.89,0.28093061,1.617807304,0.988222574,0.407893341
3.9,0.377,342.039,17.89,2.242883392,1.42254117,3.321022051,0.570606009
3.9,0.377,342.039,17.89,0.047635411,1.449185884,0.771653016,0.659125984
3.9,0.377,342.039,17.89,2.519276421,1.415592427,3.657432518,0.574228546
3.9,0.377,342.039,17.89,2.794691785,1.438383989,3.968345364,0.593225523
3.9,0.377,342.039,17.89,-0.028267424,1.44830837,0.664622017,0.664289932
3.9,0.377,342.039,17.89,0.46608211,1.474928084,1.24725023,0.508213822
3.9,0.377,342.039,17.89,-0.174032774,1.448946441,0.558566326,0.612452602
3.9,0.377,342.039,17.89,-0.1020679,1.445454113,0.491735059,0.479503148
3.9,0.377,342.039,17.89,2.359909602,1.42209574,3.46906413,0.558720278
3.9,0.377,342.039,17.89,0.097896821,1.60785838,0.783808116,0.416225318
3.9,0.377,342.039,17.89,0.296427044,1.497728313,0.907751134,0.456445036
3.9,0.377,342.039,17.89,-0.089167763,1.490809455,0.435289623,0.471574106
3.9,0.377,342.039,17.89,-0.34172453,1.453645559,0.301799178,0.660505124
3.9,0.377,342.039,17.89,0.263539789,1.435742362,1.054920448,0.651076947
3.9,0.377,342.039,17.89,1.32731629,1.498506107,2.453641879,0.559670564
3.9,0.377,342.039,17.89,-0.208550759,1.456590299,0.339334763,0.490898665
3.9,0.377,342.039,17.89,0.436741673,1.619822405,1.181727072,0.369378994
3.9,0.377,342.039,17.89,-0.579153877,1.622842316,-0.085204813,0.330368721
3.9,0.377,342.039,17.89,0.210729506,1.427252885,0.980889307,0.66363024
3.9,0.377,342.039,17.89,0.148530677,1.445187207,0.863337283,0.66751903
3.9,0.377,342.039,17.89,-0.136334622,1.459599821,0.446078549,0.464570596
3.9,0.377,342.039,17.89,0.025870364,1.613646609,0.647527491,0.367146538
3.9,0.377,342.039,17.89,1.51753951,1.497622174,2.725672543,0.481286735
3.9,0.377,342.039,17.89,2.769877655,1.426634363,3.987364657,0.540065026
3.9,0.377,342.039,17.89,-0.177486929,1.619161105,0.405391328,0.334580671
3.9,0.377,342.039,17.89,0.256230226,1.455327339,1.078014595,0.587744568
3.9,0.377,342.039,17.89,1.361660606,1.519006672,2.528165313,0.470204095
3.9,0.377,342.039,17.89,0.217322777,1.617076676,0.903086559,0.356728407
3.9,0.377,342.039,17.89,4.907304533,1.430838264,6.415548866,0.564846206
3.9,0.377,342.039,17.89,2.523126982,1.416450869,3.663899124,0.574483409
3.9,0.377,342.039,17.89,0.033799151,1.445034557,0.765122781,0.671414117
3.9,0.377,342.039,17.89,2.165396619,1.421745793,3.207281966,0.563896095
3.9,0.377,342.039,17.89,1.858885951,1.495055901,3.347759392,0.522928414
3.9,0.377,342.039,17.89,0.05386482,1.476407655,0.601138639,0.466804555
3.9,0.377,342.039,17.89,-0.62432127,1.440190209,-0.061665879,0.670416027
3.9,0.377,342.039,17.89,2.151856857,1.443244647,3.101637978,0.560448275
3.9,0.377,342.039,17.89,6.958930997,1.508999201,9.732295328,0.492430311
3.9,0.377,342.039,17.89,0.081313059,1.619462822,0.74235159,0.357695552
3.9,0.377,342.039,17.89,-0.135887261,1.435072054,0.573477333,0.535667497
3.9,0.377,342.039,17.89,-0.201935231,1.613698527,0.39447007,0.36171901
3.9,0.377,342.039,17.89,0.193367867,1.446185426,0.970747309,0.677841063
3.9,0.377,342.039,17.89,0.201738343,1.453836074,1.022104386,0.518676575
3.9,0.377,342.039,17.89,0.23327808,1.501705459,0.835772161,0.46865479
3.9,0.377,342.039,17.89,4.912384836,1.450625489,6.386438311,0.537471131
3.9,0.377,342.039,17.89,0.373384144,1.630351408,1.131371962,0.343910265
3.9,0.377,342.039,17.89,7.051940154,1.504002978,9.829770229,0.504029349
3.9,0.377,342.039,17.89,-0.157456553,1.446259649,0.377566776,0.477482078
3.9,0.377,342.039,17.89,-0.07202353,1.630815335,0.544373349,0.336834236
3.9,0.377,342.039,17.89,-0.058222331,1.506569634,0.494980819,0.463372602
3.9,0.377,342.039,17.89,0.183292132,1.448969966,0.946969306,0.656809488
3.9,0.377,342.039,17.89,5.067772676,1.432952132,6.615058312,0.562752922
3.9,0.377,342.039,17.89,-0.280798304,1.463135191,0.451845477,0.600594335
3.9,0.377,342.039,17.89,2.518122979,1.43805682,3.659747663,0.593915878
3.9,0.377,342.039,17.89,0.647906321,1.626947228,1.44810927,0.348046043
3.9,0.377,342.039,17.89,0.114117279,1.446259981,0.878821492,0.687599404
3.9,0.377,342.039,17.89,0.340510747,1.479991157,0.989802281,0.468269317
3.9,0.377,342.039,17.89,9.745000141,1.47909615,12.8400746,0.514798459
3.9,0.377,342.039,17.89,-0.310276435,1.447510897,0.36369917,0.678608954
3.9,0.377,342.039,17.89,0.789560727,1.475950254,1.766769039,0.605338363
3.9,0.377,342.039,17.89,-0.064799,1.440048436,0.673068063,0.683153699
3.9,0.377,342.039,17.89,-0.370525889,1.626734626,0.158017096,0.33292617
3.9,0.377,342.039,17.89,4.677999486,1.437611076,6.061999972,0.551481206
3.9,0.377,342.039,17.89,4.781151987,1.45017092,6.203152736,0.5418664
3.9,0.377,342.039,17.89,0.235315499,1.458400621,1.06374023,0.523971438
3.9,0.377,342.039,17.89,-0.029037039,1.611278928,0.571601811,0.357636855
3.9,0.377,342.039,17.89,0.588809933,1.60158217,1.390688649,0.425449016
3.9,0.377,342.039,17.89,9.525332595,1.480121692,12.60642898,0.513238474
3.9,0.377,342.039,17.89,-0.139236964,1.448014387,0.553644289,0.632393215
3.9,0.377,342.039,17.89,0.145276488,1.453008058,0.96841046,0.596561938
3.9,0.377,342.039,17.89,3.420651989,1.428324476,4.7142948,0.570784669
3.9,0.377,342.039,17.89,6.890238769,1.51851063,9.636614206,0.537838532
3.9,0.377,342.039,17.89,0.156903096,1.419419541,0.923551478,0.549243611
3.9,0.377,342.039,17.89,0.367950784,1.634852975,1.107761333,0.317753407
3.9,0.377,342.039,17.89,0.340808698,1.618406394,1.059123875,0.408696176
3.9,0.377,342.039,17.89,-0.18008319,1.483389718,0.321667146,0.481274158
3.9,0.377,342.039,17.89,1.236400979,1.551979244,2.399698827,0.494409343
3.9,0.377,342.039,17.89,0.218643823,1.477663977,0.810612247,0.456520265
3.9,0.377,342.039,17.89,5.149716445,1.440684003,6.715216391,0.551914889
3.9,0.377,342.039,17.89,0.202074328,1.613076739,0.940129956,0.389565833
3.9,0.377,342.039,17.89,4.807438359,1.440331185,6.289469505,0.547835906
3.9,0.377,342.039,17.89,2.22453166,1.429518159,3.164048641,0.571777941
3.9,0.377,342.039,17.89,2.306331795,1.435991523,3.376209218,0.53780596
3.9,0.377,342.039,17.89,0.141207258,1.453341348,1.000842269,0.588608261
3.9,0.377,342.039,17.89,2.598104418,1.434572414,3.697279133,0.56154426
3.9,0.377,342.039,17.89,0.525919826,1.467029904,1.301791622,0.524817889
3.9,0.377,342.039,17.89,0.287859614,1.450803437,1.05321026,0.649251131
3.9,0.377,342.039,17.89,0.155089199,1.416980247,0.972142326,0.565915805
3.9,0.377,342.039,17.89,6.62334137,1.525989807,9.28367593,0.524935808
3.9,0.377,342.039,17.89,0.069355498,1.62190256,0.777516449,0.41249191
3.9,0.377,342.039,17.89,0.395505089,1.614546197,1.160934469,0.3889276
3.9,0.377,342.039,17.89,0.146689946,1.449136042,0.966626216,0.598646137
3.9,0.377,342.039,17.89,0.376234157,1.628290074,1.15900771,0.400039408
3.9,0.377,342.039,17.89,-0.090897225,1.486353521,0.442974461,0.436880282
3.9,0.377,342.039,17.89,4.947337858,1.428393846,6.414454383,0.564230513
3.9,0.377,342.039,17.89,9.854936082,1.480047221,13.00617482,0.513387445
3.9,0.377,342.039,17.89,0.076240431,1.458071018,0.6906364,0.487658875
3.9,0.377,342.039,17.89,6.636573329,1.523430928,9.351630098,0.488181057
3.9,0.377,342.039,17.89,0.094245609,1.619941883,0.802044735,0.3791792
3.9,0.377,342.039,17.89,0.134757094,1.61564795,0.80414472,0.363638498
3.9,0.377,342.039,17.89,-0.469866759,1.487156793,-0.020605512,0.460367358
3.9,0.377,342.039,17.89,0.021444669,1.639579235,0.723951979,0.348343252
3.9,0.377,342.039,17.89,0.00786526,1.434272309,0.776815469,0.52763618
3.9,0.377,342.039,17.89,3.405015904,1.441407023,4.727303268,0.561483697
3.9,0.377,342.039,17.89,0.215305417,1.433019617,1.005060278,0.691114034
3.9,0.377,342.039,17.89,1.883444956,1.496096702,3.325037001,0.530090683
3.9,0.377,342.039,17.89,7.037947097,1.527329034,9.825088078,0.518907381
3.9,0.377,342.039,17.89,6.962038903,1.527279684,9.701829034,0.529797867
3.9,0.377,342.039,17.89,0.276366077,1.623376769,0.96706092,0.399881092
3.9,0.377,342.039,17.89,-0.157079555,1.620965558,0.477676306,0.377072117
3.9,0.377,342.039,17.89,0.19216941,1.48279201,0.865712093,0.456329405
3.9,0.377,342.039,17.89,2.98019464,1.411292138,4.247573592,0.583596357
3.9,0.377,342.039,17.89,1.120071227,1.487132546,2.149648967,0.57511043
3.9,0.377,342.039,17.89,1.826224506,1.523813351,3.09817353,0.464669432
3.9,0.377,342.039,17.89,0.381587764,1.422824092,1.275584556,0.5424559
3.9,0.377,342.039,17.89,-0.091565803,1.430986491,0.658509644,0.544012694
3.9,0.377,342.039,17.89,0.972141062,1.559675395,2.055336439,0.480179592
3.9,0.377,342.039,17.89,0.376198175,1.473125894,1.075847175,0.45534457
3.9,0.377,342.039,17.89,-0.038956064,1.442498229,0.7178916,0.629446097
3.9,0.377,342.039,17.89,0.255756423,1.620288427,0.931523956,0.332742671
3.9,0.377,342.039,17.89,0.703810921,1.428238902,1.617459056,0.561122262
3.9,0.377,342.039,17.89,2.871806061,1.435423535,4.040297141,0.56241512
3.9,0.377,342.039,17.89,0.310044868,1.451772046,1.186174739,0.603885953
3.9,0.377,342.039,17.89,-0.162274245,1.451311996,0.535352604,0.601717552
3.9,0.377,342.039,17.89,5.432194629,1.428165273,7.050691857,0.559446637
3.9,0.377,342.039,17.89,3.199728147,1.438017388,4.453615868,0.56015922
3.9,0.377,342.039,17.89,0.202990845,1.500235893,0.799985184,0.452355245
3.9,0.377,342.039,17.89,-0.112440897,1.628591222,0.517143942,0.336969644
3.9,0.377,342.039,17.89,0.323609378,1.450378543,1.205203959,0.593917898
3.9,0.377,342.039,17.89,-0.276503788,1.437213111,0.407544178,0.524373436
3.9,0.377,342.039,17.89,0.05129125,1.626410913,0.672904473,0.407235831
3.9,0.377,342.039,17.89,1.628363446,1.49425957,3.0566812,0.523529564
3.9,0.377,342.039,17.89,1.218779048,1.494271441,2.298651452,0.574563855
3.9,0.377,342.039,17.89,0.396069153,1.626103505,1.160402468,0.34946749
3.9,0.377,342.039,17.89,-0.186535055,1.482518739,0.341256147,0.495708261
3.9,0.377,342.039,17.89,0.474593034,1.48336568,1.161698385,0.467200416
3.9,0.377,342.039,17.89,1.300889696,1.505419785,2.43955405,0.460036286
3.9,0.377,342.039,17.89,2.066917255,1.434459195,3.042514649,0.58259874
3.9,0.377,342.039,17.89,0.389668184,1.622145302,1.120802572,0.332554401
3.9,0.377,342.039,17.89,0.265485531,1.454382386,1.090864201,0.600837824
3.9,0.377,342.039,17.89,0.0020971,1.453402801,0.726201966,0.663386855
3.9,0.377,342.039,17.89,-0.144141015,1.428443454,0.533065049,0.690744118
3.9,0.377,342.039,17.89,0.286200755,1.429532501,1.135077527,0.543495928
3.9,0.377,342.039,17.89,0.170684416,1.44143024,0.940548986,0.679290885
3.9,0.377,342.039,17.89,0.954581617,1.480570014,1.956270423,0.59034995
3.9,0.377,342.039,17.89,4.930255051,1.43716211,6.480199231,0.552606799
3.9,0.377,342.039,17.89,1.686329644,1.499835537,2.919888142,0.472619813
3.9,0.377,342.039,17.89,0.606232255,1.463912204,1.433148112,0.51913639
3.9,0.377,342.039,17.89,0.136548769,1.447088135,0.929797451,0.587531815
3.9,0.377,342.039,17.89,0.496571499,1.469120806,1.290088144,0.518622136
3.9,0.377,342.039,17.89,1.174686936,1.493356252,2.228251949,0.567153262
3.9,0.377,342.039,17.89,0.145996564,1.44466439,0.924182949,0.663941586
3.9,0.377,342.039,17.89,0.372069506,1.497736106,1.031325975,0.469736745
3.9,0.377,342.039,17.89,0.304634061,1.448293285,1.044736111,0.666842885
3.9,0.377,342.039,17.89,0.311942092,1.50872846,0.971625778,0.442839423
3.9,0.377,342.039,17.89,0.374621433,1.447747218,1.071602515,0.477564275
3.9,0.377,342.039,17.89,0.61298612,1.485981981,1.405920305,0.497932444
3.9,0.377,342.039,17.89,-0.116527691,1.447834292,0.414627888,0.474168761
3.9,0.377,342.039,17.89,3.25441161,1.448955029,4.516180443,0.542561016
3.9,0.377,342.039,17.89,2.514363451,1.422327835,3.652881967,0.558913593
3.9,0.377,342.039,17.89,-0.500203989,1.649053788,0.068677668,0.356296244
3.9,0.377,342.039,17.89,0.056661693,1.449442773,0.864617079,0.601863583
3.9,0.377,342.039,17.89,-0.429726755,1.63633401,0.158729527,0.371076148
3.9,0.377,342.039,17.89,1.604622469,1.489613853,3.015096987,0.540112401
3.9,0.377,342.039,17.89,0.299460414,1.478330087,1.033321986,0.513179802
3.9,0.377,342.039,17.89,0.336000939,1.455595802,1.028510155,0.468466392
3.9,0.377,342.039,17.89,0.134363739,1.454207946,0.86861363,0.653655852
3.9,0.377,342.039,17.89,0.201935153,1.442458139,0.91389341,0.671919507
3.9,0.377,342.039,17.89,0.441276339,1.448527671,1.311204879,0.603119482
3.9,0.377,342.039,17.89,0.682160247,1.463684702,1.540731721,0.511309658
3.9,0.377,342.039,17.89,6.862919358,1.508046529,9.728954207,0.521947316
3.9,0.377,342.039,17.89,1.574392649,1.502656887,2.772905556,0.466701966
3.9,0.377,342.039,17.89,0.566245841,1.469583605,1.379195743,0.521005493
3.9,0.377,342.039,17.89,1.717266244,1.544262777,2.975159594,0.500507341
3.9,0.377,342.039,17.89,3.068885726,1.435865074,4.266805679,0.558827006
3.9,0.377,342.039,17.89,2.680147147,1.432368463,3.796540061,0.565819682
3.9,0.377,342.039,17.89,0.285333426,1.467110774,1.009053796,0.524975101
3.9,0.377,342.039,17.89,-0.232299267,1.443740764,0.372225615,0.673240465
3.9,0.377,342.039,17.89,2.555673148,1.442830048,3.602703659,0.558174269
3.9,0.377,342.039,17.89,0.543246035,1.478770371,1.360134234,0.508790282
3.9,0.377,342.039,17.89,1.810371739,1.471716942,3.246369242,0.559829627
3.9,0.377,342.039,17.89,0.34732261,1.464494543,1.088997848,0.507226519
3.9,0.377,342.039,17.89,-0.06086833,1.501162413,0.506022953,0.474699774
3.9,0.377,342.039,17.89,3.008291225,1.42646018,4.226197282,0.581528674
3.9,0.377,342.039,17.89,-0.099253803,1.443079273,0.65947508,0.547415234
3.9,0.377,342.039,17.89,-0.100259741,1.48982914,0.406341904,0.472311439
3.9,0.377,342.039,17.89,0.260358935,1.442335476,1.066948924,0.674227371
3.9,0.377,342.039,17.89,-0.075514121,1.452227718,0.600362177,0.658449456
3.9,0.377,342.039,17.89,0.445018939,1.437630064,1.327393,0.692404019
3.9,0.377,342.039,17.89,0.316635955,1.635648251,1.002307014,0.394673263
3.9,0.377,342.039,17.89,0.294886643,1.624434415,1.019033607,0.400741706
3.9,0.377,342.039,17.89,-0.141213445,1.438790609,0.577213232,0.546830036
3.9,0.377,342.039,17.89,1.672334015,1.500050793,2.911010747,0.484346813
3.9,0.377,342.039,17.89,-0.112205504,1.465069312,0.593498194,0.567602166
3.9,0.377,342.039,17.89,-0.116310349,1.475975412,0.521935679,0.496599162
3.9,0.377,342.039,17.89,0.012700525,1.449309146,0.762987275,0.610978342
3.9,0.377,342.039,17.89,1.0513269,1.470141438,2.073566082,0.59442952
3.9,0.377,342.039,17.89,-0.153485263,1.630696419,0.461311327,0.339661124
3.9,0.377,342.039,17.89,5.447971942,1.449327141,6.998350927,0.540155462
3.9,0.377,342.039,17.89,0.103411446,1.476701925,0.708405278,0.459813239
3.9,0.377,342.039,17.89,2.692648564,1.428176597,3.849850261,0.613060653
3.9,0.377,342.039,17.89,0.241058506,1.638705104,1.005636728,0.370588224
3.9,0.377,342.039,17.89,1.965512414,1.487763698,3.436341986,0.529314475
3.9,0.377,342.039,17.89,7.072059712,1.51091778,9.855173808,0.490013884
3.9,0.377,342.039,17.89,0.414749966,1.621815585,1.17816768,0.375805151
3.9,0.377,342.039,17.89,-0.0792454,1.487834443,0.484073578,0.442521511
3.9,0.377,342.039,17.89,0.102619913,1.48877934,0.774640141,0.489594835
3.9,0.377,342.039,17.89,4.867173499,1.439635984,6.4154364,0.549497505
3.9,0.377,342.039,17.89,9.753951767,1.497451435,12.87249204,0.501521253
3.9,0.377,342.039,17.89,0.120957067,1.460841733,0.871921465,0.630835855
3.9,0.377,342.039,17.89,0.081760988,1.447998357,0.877574961,0.607497025
3.9,0.377,342.039,17.89,0.079116459,1.453845355,0.894161833,0.607346335
3.9,0.377,342.039,17.89,2.540808032,1.492528826,4.202361683,0.544905982
3.9,0.377,342.039,17.89,0.26977484,1.431137087,1.104677152,0.566747513
3.9,0.377,342.039,17.89,0.545671685,1.437689571,1.435975397,0.556895369
3.9,0.377,342.039,17.89,0.388438715,1.419667983,1.242596513,0.546643603
3.9,0.377,342.039,17.89,4.606957488,1.451893797,6.085246664,0.539049665
3.9,0.377,342.039,17.89,0.129301014,1.486947058,0.69111491,0.469286126
3.9,0.377,342.039,17.89,-0.046875161,1.471489999,0.501695629,0.476890563
3.9,0.377,342.039,17.89,1.03709268,1.467265819,2.07327307,0.618968593
3.9,0.377,342.039,17.89,1.098053755,1.485649989,2.147392765,0.584049035
3.9,0.377,342.039,17.89,-0.156381359,1.445054891,0.549765431,0.670038489
3.9,0.377,342.039,17.89,-0.095272209,1.483069407,0.445231355,0.457531122
3.9,0.377,342.039,17.89,0.296745388,1.485961197,0.936376915,0.44755527
3.9,0.377,342.039,17.89,0.108387083,1.430778177,0.87876419,0.538196666
3.9,0.377,342.039,17.89,2.892758584,1.430343711,4.064989296,0.560851943
3.9,0.377,342.039,17.89,10.05801129,1.465482966,13.25614029,0.52523645
3.9,0.377,342.039,17.89,-0.082562188,1.459658635,0.671112541,0.621683563
3.9,0.377,342.039,17.89,3.105933682,1.427899482,4.34748809,0.574148292
3.9,0.377,342.039,17.89,-0.261832958,1.625942888,0.328541965,0.349895775
3.9,0.377,342.039,17.89,2.202927849,1.486147223,3.741188428,0.543631
3.9,0.377,342.039,17.89,3.571023917,1.430315849,4.925063144,0.559851901
3.9,0.377,342.039,17.89,-0.046622046,1.474809482,0.546491706,0.457321365
3.9,0.377,342.039,17.89,5.039315855,1.429557222,6.527216533,0.562783761
3.9,0.377,342.039,17.89,7.281251346,1.527422568,10.10165495,0.512996348
