concentration_g_l,uncoated_nm,total_nm,bonded_nm,source_path,source_row,record_id,solvent,record_type,concentration_g_ml,mobile_nm,group_id,polarity,viscosity_cp,boiling_point_k,surface_tension_mn_m,physical_valid,primary_eligible,exclusion_reason,parent_record_id
0.02,1.49,0.5901500507029843,0.4951108645322661,models/feature engineering v1/data FE-V1/agg.data.xlsx,7,synthetic:42:0,hexane,synthetic_audit_only,2e-05,0.09503918617071823,hexane:0.02,3.9,0.377,342.039,17.89,True,True,,hexane:7
0.25,1.31,1.0237932904341673,0.39258346625575924,models/feature engineering v1/data FE-V1/ethyl acetate+pdms.csv,18,synthetic:42:1,ethyl_acetate,synthetic_audit_only,0.00025,0.631209824178408,ethyl_acetate:0.25,0.7,0.423,350.372,24.0,True,True,,ethyl_acetate:18
0.15,1.44,0.9818650471823535,0.3170752901200621,models/feature engineering v1/data FE-V1/ethyl acetate+pdms.csv,5,synthetic:42:2,ethyl_acetate,synthetic_audit_only,0.00015,0.6647897570622914,ethyl_acetate:0.15,0.7,0.423,350.372,24.0,True,True,,ethyl_acetate:5
0.005,1.56,0.5094221297767264,0.4077900754538194,models/feature engineering v1/data FE-V1/toluene+pdms.csv,21,synthetic:42:3,toluene,synthetic_audit_only,5e-06,0.10163205432290703,toluene:0.005,2.7,0.68,383.75,29.46,True,True,,toluene:21
0.005,1.56,0.5050755468290657,0.3949665435547091,models/feature engineering v1/data FE-V1/toluene+pdms.csv,21,synthetic:42:4,toluene,synthetic_audit_only,5e-06,0.11010900327435659,toluene:0.005,2.7,0.68,383.75,29.46,True,True,,toluene:21
2.0,1.48,1.7695500083666227,0.672583456147913,models/feature engineering v1/data FE-V1/ethyl acetate+pdms.csv,23,synthetic:42:5,ethyl_acetate,synthetic_audit_only,0.002,1.0969665522187098,ethyl_acetate:2,0.7,0.423,350.372,24.0,True,True,,ethyl_acetate:23
0.02,1.49,0.5583521885647967,0.4681522517031216,models/feature engineering v1/data FE-V1/agg.data.xlsx,7,synthetic:42:6,hexane,synthetic_audit_only,2e-05,0.09019993686167518,hexane:0.02,3.9,0.377,342.039,17.89,True,True,,hexane:7
0.25,1.47,1.1176636884379811,0.39278034110682547,models/feature engineering v1/data FE-V1/ethyl acetate+pdms.csv,8,synthetic:42:7,ethyl_acetate,synthetic_audit_only,0.00025,0.7248833473311557,ethyl_acetate:0.25,0.7,0.423,350.372,24.0,True,True,,ethyl_acetate:8
0.15,1.62,0.8879100883444695,0.3820054894510673,models/feature engineering v1/data FE-V1/agg.data.xlsx,31,synthetic:42:8,hexane,synthetic_audit_only,0.00015,0.5059045988934022,hexane:0.15,3.9,0.377,342.039,17.89,True,True,,hexane:31
0.02,1.49,0.5792205595334707,0.4930544776425267,models/feature engineering v1/data FE-V1/agg.data.xlsx,7,synthetic:42:9,hexane,synthetic_audit_only,2e-05,0.086166081890944,hexane:0.02,3.9,0.377,342.039,17.89,True,True,,hexane:7
0.05,1.61,0.5948247366375874,0.3409440455613514,models/feature engineering v1/data FE-V1/toluene+pdms.csv,33,synthetic:42:10,toluene,synthetic_audit_only,5e-05,0.253880691076236,toluene:0.05,2.7,0.68,383.75,29.46,True,True,,toluene:33
5.0,1.5,2.188683163179989,0.9318834514818076,models/feature engineering v1/data FE-V1/ethyl acetate+pdms.csv,30,synthetic:42:11,ethyl_acetate,synthetic_audit_only,0.005,1.256799711698181,ethyl_acetate:5,0.7,0.423,350.372,24.0,True,True,,ethyl_acetate:30
0.25,1.47,1.0908650156026343,0.3806798407966959,models/feature engineering v1/data FE-V1/ethyl acetate+pdms.csv,10,synthetic:42:12,ethyl_acetate,synthetic_audit_only,0.00025,0.7101851748059385,ethyl_acetate:0.25,0.7,0.423,350.372,24.0,True,True,,ethyl_acetate:10
0.25,1.33,0.8739000076473107,0.3949052475367371,models/feature engineering v1/data FE-V1/ethyl acetate+pdms.csv,17,synthetic:42:13,ethyl_acetate,synthetic_audit_only,0.00025,0.47899476011057357,ethyl_acetate:0.25,0.7,0.423,350.372,24.0,True,True,,ethyl_acetate:17
0.25,1.47,1.0990982089869703,0.3888161621760779,models/feature engineering v1/data FE-V1/ethyl acetate+pdms.csv,9,synthetic:42:14,ethyl_acetate,synthetic_audit_only,0.00025,0.7102820468108924,ethyl_acetate:0.25,0.7,0.423,350.372,24.0,True,True,,ethyl_acetate:9
0.25,1.32,0.9367491708355515,0.4505249059928101,models/feature engineering v1/data FE-V1/ethyl acetate+pdms.csv,19,synthetic:42:15,ethyl_acetate,synthetic_audit_only,0.00025,0.48622426484274145,ethyl_acetate:0.25,0.7,0.423,350.372,24.0,True,True,,ethyl_acetate:19
0.05,1.61,0.6374588613162648,0.35411441877784766,models/feature engineering v1/data FE-V1/toluene+pdms.csv,32,synthetic:42:16,toluene,synthetic_audit_only,5e-05,0.2833444425384171,toluene:0.05,2.7,0.68,383.75,29.46,True,True,,toluene:32
0.09,1.44,0.8374189461441002,0.5250649237975838,models/feature engineering v1/data FE-V1/agg.data.xlsx,21,synthetic:42:17,hexane,synthetic_audit_only,8.999999999999999e-05,0.31235402234651627,hexane:0.09,3.9,0.377,342.039,17.89,True,True,,hexane:21
1.0,1.32,1.2485008453300157,0.6382867334228332,models/feature engineering v1/data FE-V1/ethyl acetate+pdms.csv,22,synthetic:42:18,ethyl_acetate,synthetic_audit_only,0.001,0.6102141119071824,ethyl_acetate:1,0.7,0.423,350.372,24.0,True,True,,ethyl_acetate:22
0.005,1.57,0.5470204522238322,0.4479906112739525,models/feature engineering v1/data FE-V1/toluene+pdms.csv,22,synthetic:42:19,toluene,synthetic_audit_only,5e-06,0.09902984094987974,toluene:0.005,2.7,0.68,383.75,29.46,True,True,,toluene:22
0.025,1.6,0.565915390898686,0.3864740961745406,models/feature engineering v1/data FE-V1/toluene+pdms.csv,31,synthetic:42:20,toluene,synthetic_audit_only,2.5e-05,0.17944129472414538,toluene:0.025,2.7,0.68,383.75,29.46,True,True,,toluene:31
7.0,1.51,9.350504006925041,0.49835863683016013,models/feature engineering v1/data FE-V1/agg.data.xlsx,56,synthetic:42:21,hexane,synthetic_audit_only,0.007,8.852145370094881,hexane:7,3.9,0.377,342.039,17.89,True,True,,hexane:56
0.15,1.64,0.876427912223424,0.347969435424976,models/feature engineering v1/data FE-V1/agg.data.xlsx,30,synthetic:42:22,hexane,synthetic_audit_only,0.00015,0.528458476798448,hexane:0.15,3.9,0.377,342.039,17.89,True,True,,hexane:30
3.0,1.5,1.9381784871190817,0.7148937606264555,models/feature engineering v1/data FE-V1/ethyl acetate+pdms.csv,27,synthetic:42:23,ethyl_acetate,synthetic_audit_only,0.003,1.223284726492626,ethyl_acetate:3,0.7,0.423,350.372,24.0,True,True,,ethyl_acetate:27
0.25,1.32,0.9905661086989345,0.45885466259219365,models/feature engineering v1/data FE-V1/ethyl acetate+pdms.csv,19,synthetic:42:24,ethyl_acetate,synthetic_audit_only,0.00025,0.5317114461067408,ethyl_acetate:0.25,0.7,0.423,350.372,24.0,True,True,,ethyl_acetate:19
40.0,1.46,0.8161104313590867,0.6951446114921829,models/feature engineering v1/data FE-V1/toluene+pdms.csv,46,synthetic:42:25,toluene,synthetic_audit_only,0.04,0.12096581986690379,toluene:40,2.7,0.68,383.75,29.46,True,True,,toluene:46
7.0,1.53,10.005828857626906,0.4872035158738518,models/feature engineering v1/data FE-V1/agg.data.xlsx,58,synthetic:42:26,hexane,synthetic_audit_only,0.007,9.518625341753054,hexane:7,3.9,0.377,342.039,17.89,True,True,,hexane:58
1.0,1.31,1.3124675936314443,0.6447402820649157,models/feature engineering v1/data FE-V1/ethyl acetate+pdms.csv,21,synthetic:42:27,ethyl_acetate,synthetic_audit_only,0.001,0.6677273115665284,ethyl_acetate:1,0.7,0.423,350.372,24.0,True,True,,ethyl_acetate:21
0.05,1.6,0.6940008520066039,0.36747312268624677,models/feature engineering v1/data FE-V1/toluene+pdms.csv,34,synthetic:42:28,toluene,synthetic_audit_only,5e-05,0.3265277293203571,toluene:0.05,2.7,0.68,383.75,29.46,True,True,,toluene:34
0.005,1.57,0.527878898314485,0.4429798605906055,models/feature engineering v1/data FE-V1/toluene+pdms.csv,22,synthetic:42:29,toluene,synthetic_audit_only,5e-06,0.08489903772387948,toluene:0.005,2.7,0.68,383.75,29.46,True,True,,toluene:22
0.005,1.57,0.5267673422356823,0.4368512772912918,models/feature engineering v1/data FE-V1/toluene+pdms.csv,22,synthetic:42:30,toluene,synthetic_audit_only,5e-06,0.08991606494439051,toluene:0.005,2.7,0.68,383.75,29.46,True,True,,toluene:22
1.0,1.48,2.2126730599034836,0.5977447622633543,models/feature engineering v1/data FE-V1/agg.data.xlsx,39,synthetic:42:31,hexane,synthetic_audit_only,0.001,1.6149282976401296,hexane:1,3.9,0.377,342.039,17.89,True,True,,hexane:39
0.02,1.49,0.5919843123063736,0.5010885248530813,models/feature engineering v1/data FE-V1/agg.data.xlsx,7,synthetic:42:32,hexane,synthetic_audit_only,2e-05,0.09089578745329228,hexane:0.02,3.9,0.377,342.039,17.89,True,True,,hexane:7
0.05,1.6,0.6759347342933638,0.34332061311114714,models/feature engineering v1/data FE-V1/toluene+pdms.csv,34,synthetic:42:33,toluene,synthetic_audit_only,5e-05,0.33261412118221667,toluene:0.05,2.7,0.68,383.75,29.46,True,True,,toluene:34
2.0,1.5,1.7291191944368478,0.6555544399882633,models/feature engineering v1/data FE-V1/ethyl acetate+pdms.csv,25,synthetic:42:34,ethyl_acetate,synthetic_audit_only,0.002,1.0735647544485845,ethyl_acetate:2,0.7,0.423,350.372,24.0,True,True,,ethyl_acetate:25
0.02,1.49,0.5992013261979411,0.5066652552132102,models/feature engineering v1/data FE-V1/agg.data.xlsx,5,synthetic:42:35,hexane,synthetic_audit_only,2e-05,0.09253607098473096,hexane:0.02,3.9,0.377,342.039,17.89,True,True,,hexane:5
2.0,1.48,1.6900311498127993,0.704071152198245,models/feature engineering v1/data FE-V1/ethyl acetate+pdms.csv,23,synthetic:42:36,ethyl_acetate,synthetic_audit_only,0.002,0.9859599976145542,ethyl_acetate:2,0.7,0.423,350.372,24.0,True,True,,ethyl_acetate:23
1.0,1.31,1.363605448469494,0.6902169551711451,models/feature engineering v1/data FE-V1/ethyl acetate+pdms.csv,21,synthetic:42:37,ethyl_acetate,synthetic_audit_only,0.001,0.6733884932983488,ethyl_acetate:1,0.7,0.423,350.372,24.0,True,True,,ethyl_acetate:21
2.5,1.42,3.513884410079197,0.574527568274238,models/feature engineering v1/data FE-V1/agg.data.xlsx,48,synthetic:42:38,hexane,synthetic_audit_only,0.0025,2.9393568418049587,hexane:2.5,3.9,0.377,342.039,17.89,True,True,,hexane:48
40.0,1.46,0.8176407380983405,0.695184122272852,models/feature engineering v1/data FE-V1/toluene+pdms.csv,46,synthetic:42:39,toluene,synthetic_audit_only,0.04,0.12245661582548849,toluene:40,2.7,0.68,383.75,29.46,True,True,,toluene:46
0.15,1.62,0.8329906900503574,0.3544308603787968,models/feature engineering v1/data FE-V1/agg.data.xlsx,29,synthetic:42:40,hexane,synthetic_audit_only,0.00015,0.4785598296715607,hexane:0.15,3.9,0.377,342.039,17.89,True,True,,hexane:29
0.25,1.33,0.9609977222476258,0.44472386270558123,models/feature engineering v1/data FE-V1/ethyl acetate+pdms.csv,17,synthetic:42:41,ethyl_acetate,synthetic_audit_only,0.00025,0.5162738595420445,ethyl_acetate:0.25,0.7,0.423,350.372,24.0,True,True,,ethyl_acetate:17
0.25,1.47,1.1511122362375885,0.39191199713762453,models/feature engineering v1/data FE-V1/ethyl acetate+pdms.csv,8,synthetic:42:42,ethyl_acetate,synthetic_audit_only,0.00025,0.7592002390999639,ethyl_acetate:0.25,0.7,0.423,350.372,24.0,True,True,,ethyl_acetate:8
5.0,1.44,6.647743631642329,0.5444043806874204,models/feature engineering v1/data FE-V1/agg.data.xlsx,55,synthetic:42:43,hexane,synthetic_audit_only,0.005,6.1033392509549085,hexane:5,3.9,0.377,342.039,17.89,True,True,,hexane:55
0.02,1.48,0.5688062063726245,0.46050482281962446,models/feature engineering v1/data FE-V1/agg.data.xlsx,6,synthetic:42:44,hexane,synthetic_audit_only,2e-05,0.10830138355299995,hexane:0.02,3.9,0.377,342.039,17.89,True,True,,hexane:6
5.0,1.5,2.3510363927489966,1.0637196599989838,models/feature engineering v1/data FE-V1/ethyl acetate+pdms.csv,30,synthetic:42:45,ethyl_acetate,synthetic_audit_only,0.005,1.2873167327500126,ethyl_acetate:5,0.7,0.423,350.372,24.0,True,True,,ethyl_acetate:30
0.005,1.57,0.5042976500059521,0.41578672263118194,models/feature engineering v1/data FE-V1/toluene+pdms.csv,22,synthetic:42:46,toluene,synthetic_audit_only,5e-06,0.08851092737477011,toluene:0.005,2.7,0.68,383.75,29.46,True,True,,toluene:22
2.0,1.5,1.7597270576298476,0.6398868484571769,models/feature engineering v1/data FE-V1/ethyl acetate+pdms.csv,25,synthetic:42:47,ethyl_acetate,synthetic_audit_only,0.002,1.1198402091726707,ethyl_acetate:2,0.7,0.423,350.372,24.0,True,True,,ethyl_acetate:25
0.15,1.43,0.9224299624247884,0.33004774820638794,models/feature engineering v1/data FE-V1/ethyl acetate+pdms.csv,6,synthetic:42:48,ethyl_acetate,synthetic_audit_only,0.00015,0.5923822142184004,ethyl_acetate:0.15,0.7,0.423,350.372,24.0,True,True,,ethyl_acetate:6
0.25,1.31,0.9908242841553105,0.38190293634462397,models/feature engineering v1/data FE-V1/ethyl acetate+pdms.csv,18,synthetic:42:49,ethyl_acetate,synthetic_audit_only,0.00025,0.6089213478106866,ethyl_acetate:0.25,0.7,0.423,350.372,24.0,True,True,,ethyl_acetate:18
0.25,1.33,0.8614441347552672,0.40938296650389244,models/feature engineering v1/data FE-V1/ethyl acetate+pdms.csv,17,synthetic:42:50,ethyl_acetate,synthetic_audit_only,0.00025,0.4520611682513747,ethyl_acetate:0.25,0.7,0.423,350.372,24.0,True,True,,ethyl_acetate:17
0.15,1.62,0.8213068257391225,0.3764363996711314,models/feature engineering v1/data FE-V1/agg.data.xlsx,31,synthetic:42:51,hexane,synthetic_audit_only,0.00015,0.44487042606799104,hexane:0.15,3.9,0.377,342.039,17.89,True,True,,hexane:31
7.0,1.51,10.4517579856617,0.5078757473661634,models/feature engineering v1/data FE-V1/agg.data.xlsx,56,synthetic:42:52,hexane,synthetic_audit_only,0.007,9.943882238295537,hexane:7,3.9,0.377,342.039,17.89,True,True,,hexane:56
0.025,1.61,0.605916516169462,0.417911978328834,models/feature engineering v1/data FE-V1/toluene+pdms.csv,29,synthetic:42:53,toluene,synthetic_audit_only,2.5e-05,0.18800453784062796,toluene:0.025,2.7,0.68,383.75,29.46,True,True,,toluene:29
0.025,1.6,0.555069253322702,0.39128100490132894,models/feature engineering v1/data FE-V1/toluene+pdms.csv,31,synthetic:42:54,toluene,synthetic_audit_only,2.5e-05,0.16378824842137296,toluene:0.025,2.7,0.68,383.75,29.46,True,True,,toluene:31
0.02,1.44,0.7373820466057741,0.6910586188285308,models/feature engineering v1/data FE-V1/agg.data.xlsx,4,synthetic:42:55,hexane,synthetic_audit_only,2e-05,0.0463234277772433,hexane:0.02,3.9,0.377,342.039,17.89,True,True,,hexane:4
0.05,1.6,0.573449782237025,0.3064905774712408,models/feature engineering v1/data FE-V1/toluene+pdms.csv,34,synthetic:42:56,toluene,synthetic_audit_only,5e-05,0.2669592047657842,toluene:0.05,2.7,0.68,383.75,29.46,True,True,,toluene:34
0.15,1.62,0.8645896324663643,0.3786019285360308,models/feature engineering v1/data FE-V1/agg.data.xlsx,29,synthetic:42:57,hexane,synthetic_audit_only,0.00015,0.4859877039303335,hexane:0.15,3.9,0.377,342.039,17.89,True,True,,hexane:29
0.25,1.47,1.1720737933420171,0.38300691107241414,models/feature engineering v1/data FE-V1/ethyl acetate+pdms.csv,10,synthetic:42:58,ethyl_acetate,synthetic_audit_only,0.00025,0.7890668822696031,ethyl_acetate:0.25,0.7,0.423,350.372,24.0,True,True,,ethyl_acetate:10
0.15,1.44,1.0160091708426502,0.2913081508315323,models/feature engineering v1/data FE-V1/ethyl acetate+pdms.csv,7,synthetic:42:59,ethyl_acetate,synthetic_audit_only,0.00015,0.7247010200111179,ethyl_acetate:0.15,0.7,0.423,350.372,24.0,True,True,,ethyl_acetate:7
3.0,1.5,1.883085780366426,0.6690927676757613,models/feature engineering v1/data FE-V1/ethyl acetate+pdms.csv,27,synthetic:42:60,ethyl_acetate,synthetic_audit_only,0.003,1.2139930126906646,ethyl_acetate:3,0.7,0.423,350.372,24.0,True,True,,ethyl_acetate:27
0.25,1.47,1.1084551506816465,0.3928816317683749,models/feature engineering v1/data FE-V1/ethyl acetate+pdms.csv,10,synthetic:42:61,ethyl_acetate,synthetic_audit_only,0.00025,0.7155735189132715,ethyl_acetate:0.25,0.7,0.423,350.372,24.0,True,True,,ethyl_acetate:10
7.0,1.51,9.113787581299349,0.5227760792006398,models/feature engineering v1/data FE-V1/agg.data.xlsx,56,synthetic:42:62,hexane,synthetic_audit_only,0.007,8.59101150209871,hexane:7,3.9,0.377,342.039,17.89,True,True,,hexane:56
5.0,1.5,2.16517238906534,0.9253160059655035,models/feature engineering v1/data FE-V1/ethyl acetate+pdms.csv,30,synthetic:42:63,ethyl_acetate,synthetic_audit_only,0.005,1.2398563830998364,ethyl_acetate:5,0.7,0.423,350.372,24.0,True,True,,ethyl_acetate:30
0.005,1.55,0.5304596837107178,0.4401239102812543,models/feature engineering v1/data FE-V1/toluene+pdms.csv,20,synthetic:42:64,toluene,synthetic_audit_only,5e-06,0.0903357734294635,toluene:0.005,2.7,0.68,383.75,29.46,True,True,,toluene:20
5.0,1.44,6.403490746031439,0.5361745744052642,models/feature engineering v1/data FE-V1/agg.data.xlsx,54,synthetic:42:65,hexane,synthetic_audit_only,0.005,5.867316171626175,hexane:5,3.9,0.377,342.039,17.89,True,True,,hexane:54
3.0,1.48,2.027551863030025,0.6975898449171265,models/feature engineering v1/data FE-V1/ethyl acetate+pdms.csv,26,synthetic:42:66,ethyl_acetate,synthetic_audit_only,0.003,1.3299620181128986,ethyl_acetate:3,0.7,0.423,350.372,24.0,True,True,,ethyl_acetate:26
7.0,1.51,9.974880454449606,0.5250513092324044,models/feature engineering v1/data FE-V1/agg.data.xlsx,56,synthetic:42:67,hexane,synthetic_audit_only,0.007,9.449829145217201,hexane:7,3.9,0.377,342.039,17.89,True,True,,hexane:56
0.02,1.48,0.5958100405988254,0.482214225499077,models/feature engineering v1/data FE-V1/agg.data.xlsx,6,synthetic:42:68,hexane,synthetic_audit_only,2e-05,0.11359581509974838,hexane:0.02,3.9,0.377,342.039,17.89,True,True,,hexane:6
0.025,1.61,0.5901429017973459,0.4164500991627869,models/feature engineering v1/data FE-V1/toluene+pdms.csv,29,synthetic:42:69,toluene,synthetic_audit_only,2.5e-05,0.17369280263455888,toluene:0.025,2.7,0.68,383.75,29.46,True,True,,toluene:29
0.25,1.32,1.029888288839634,0.46580049062337786,models/feature engineering v1/data FE-V1/ethyl acetate+pdms.csv,19,synthetic:42:70,ethyl_acetate,synthetic_audit_only,0.00025,0.564087798216256,ethyl_acetate:0.25,0.7,0.423,350.372,24.0,True,True,,ethyl_acetate:19
0.15,1.62,0.8866261944135828,0.36654603558792775,models/feature engineering v1/data FE-V1/agg.data.xlsx,31,synthetic:42:71,hexane,synthetic_audit_only,0.00015,0.5200801588256551,hexane:0.15,3.9,0.377,342.039,17.89,True,True,,hexane:31
0.025,1.61,0.5564401461810036,0.3851773194583547,models/feature engineering v1/data FE-V1/toluene+pdms.csv,29,synthetic:42:72,toluene,synthetic_audit_only,2.5e-05,0.17126282672264886,toluene:0.025,2.7,0.68,383.75,29.46,True,True,,toluene:29
0.09,1.44,0.8617388656294707,0.5560138020592668,models/feature engineering v1/data FE-V1/agg.data.xlsx,21,synthetic:42:73,hexane,synthetic_audit_only,8.999999999999999e-05,0.30572506357020396,hexane:0.09,3.9,0.377,342.039,17.89,True,True,,hexane:21
0.15,1.44,1.0704498850482151,0.3123583122008484,models/feature engineering v1/data FE-V1/ethyl acetate+pdms.csv,7,synthetic:42:74,ethyl_acetate,synthetic_audit_only,0.00015,0.7580915728473668,ethyl_acetate:0.15,0.7,0.423,350.372,24.0,True,True,,ethyl_acetate:7
0.025,1.61,0.5375589654046447,0.3594955680925028,models/feature engineering v1/data FE-V1/toluene+pdms.csv,30,synthetic:42:75,toluene,synthetic_audit_only,2.5e-05,0.17806339731214182,toluene:0.025,2.7,0.68,383.75,29.46,True,True,,toluene:30
5.0,1.44,6.872905038845278,0.5518039208424729,models/feature engineering v1/data FE-V1/agg.data.xlsx,54,synthetic:42:76,hexane,synthetic_audit_only,0.005,6.321101118002805,hexane:5,3.9,0.377,342.039,17.89,True,True,,hexane:54
1.0,1.48,1.9832157545035058,0.5960257992178237,models/feature engineering v1/data FE-V1/agg.data.xlsx,39,synthetic:42:77,hexane,synthetic_audit_only,0.001,1.3871899552856821,hexane:1,3.9,0.377,342.039,17.89,True,True,,hexane:39
0.1,1.61,0.8747330327007989,0.7136149429379364,models/feature engineering v1/data FE-V1/toluene+pdms.csv,35,synthetic:42:78,toluene,synthetic_audit_only,0.0001,0.16111808976286252,toluene:0.1,2.7,0.68,383.75,29.46,True,True,,toluene:35
0.15,1.43,1.0045145993887676,0.35104458084597673,models/feature engineering v1/data FE-V1/ethyl acetate+pdms.csv,6,synthetic:42:79,ethyl_acetate,synthetic_audit_only,0.00015,0.6534700185427909,ethyl_acetate:0.15,0.7,0.423,350.372,24.0,True,True,,ethyl_acetate:6
3.0,1.5,1.8211108004025256,0.708208129469127,models/feature engineering v1/data FE-V1/ethyl acetate+pdms.csv,28,synthetic:42:80,ethyl_acetate,synthetic_audit_only,0.003,1.1129026709333987,ethyl_acetate:3,0.7,0.423,350.372,24.0,True,True,,ethyl_acetate:28
0.005,1.56,0.5313386216752075,0.42333593676751863,models/feature engineering v1/data FE-V1/toluene+pdms.csv,21,synthetic:42:81,toluene,synthetic_audit_only,5e-06,0.10800268490768887,toluene:0.005,2.7,0.68,383.75,29.46,True,True,,toluene:21
0.15,1.62,0.8431699508880217,0.35274631797791,models/feature engineering v1/data FE-V1/agg.data.xlsx,29,synthetic:42:82,hexane,synthetic_audit_only,0.00015,0.4904236329101117,hexane:0.15,3.9,0.377,342.039,17.89,True,True,,hexane:29
1.0,1.32,1.1822691377268177,0.5915070525265571,models/feature engineering v1/data FE-V1/ethyl acetate+pdms.csv,22,synthetic:42:83,ethyl_acetate,synthetic_audit_only,0.001,0.5907620852002605,ethyl_acetate:1,0.7,0.423,350.372,24.0,True,True,,ethyl_acetate:22
40.0,1.46,0.868022872557057,0.7508308822894819,models/feature engineering v1/data FE-V1/toluene+pdms.csv,46,synthetic:42:84,toluene,synthetic_audit_only,0.04,0.11719199026757507,toluene:40,2.7,0.68,383.75,29.46,True,True,,toluene:46
0.25,1.47,1.1174449379494886,0.38189538601254924,models/feature engineering v1/data FE-V1/ethyl acetate+pdms.csv,8,synthetic:42:85,ethyl_acetate,synthetic_audit_only,0.00025,0.7355495519369393,ethyl_acetate:0.25,0.7,0.423,350.372,24.0,True,True,,ethyl_acetate:8
0.02,1.49,0.5357278148936465,0.4526089478173217,models/feature engineering v1/data FE-V1/agg.data.xlsx,7,synthetic:42:86,hexane,synthetic_audit_only,2e-05,0.08311886707632483,hexane:0.02,3.9,0.377,342.039,17.89,True,True,,hexane:7
5.0,1.43,6.614466059595915,0.5413031438377807,models/feature engineering v1/data FE-V1/agg.data.xlsx,53,synthetic:42:87,hexane,synthetic_audit_only,0.005,6.073162915758134,hexane:5,3.9,0.377,342.039,17.89,True,True,,hexane:53
0.25,1.31,0.9526268401090816,0.34985972472138777,models/feature engineering v1/data FE-V1/ethyl acetate+pdms.csv,18,synthetic:42:88,ethyl_acetate,synthetic_audit_only,0.00025,0.6027671153876939,ethyl_acetate:0.25,0.7,0.423,350.372,24.0,True,True,,ethyl_acetate:18
1.0,1.32,1.2601057447002253,0.6043029597312294,models/feature engineering v1/data FE-V1/ethyl acetate+pdms.csv,22,synthetic:42:89,ethyl_acetate,synthetic_audit_only,0.001,0.6558027849689959,ethyl_acetate:1,0.7,0.423,350.372,24.0,True,True,,ethyl_acetate:22
0.005,1.56,0.4958514767673581,0.40724480377258104,models/feature engineering v1/data FE-V1/toluene+pdms.csv,21,synthetic:42:90,toluene,synthetic_audit_only,5e-06,0.08860667299477702,toluene:0.005,2.7,0.68,383.75,29.46,True,True,,toluene:21
1.0,1.33,1.23655436422747,0.5835952537167605,models/feature engineering v1/data FE-V1/ethyl acetate+pdms.csv,20,synthetic:42:91,ethyl_acetate,synthetic_audit_only,0.001,0.6529591105107094,ethyl_acetate:1,0.7,0.423,350.372,24.0,True,True,,ethyl_acetate:20
1.0,1.32,1.152255377175831,0.5831042100151969,models/feature engineering v1/data FE-V1/ethyl acetate+pdms.csv,22,synthetic:42:92,ethyl_acetate,synthetic_audit_only,0.001,0.5691511671606342,ethyl_acetate:1,0.7,0.423,350.372,24.0,True,True,,ethyl_acetate:22
7.0,1.5,9.468082325847385,0.5268489467162123,models/feature engineering v1/data FE-V1/agg.data.xlsx,57,synthetic:42:93,hexane,synthetic_audit_only,0.007,8.941233379131173,hexane:7,3.9,0.377,342.039,17.89,True,True,,hexane:57
2.0,1.5,1.6948421079766502,0.6128629220968701,models/feature engineering v1/data FE-V1/ethyl acetate+pdms.csv,25,synthetic:42:94,ethyl_acetate,synthetic_audit_only,0.002,1.08197918587978,ethyl_acetate:2,0.7,0.423,350.372,24.0,True,True,,ethyl_acetate:25
2.5,1.44,3.5362878233532697,0.5568675349855835,models/feature engineering v1/data FE-V1/agg.data.xlsx,49,synthetic:42:95,hexane,synthetic_audit_only,0.0025,2.9794202883676864,hexane:2.5,3.9,0.377,342.039,17.89,True,True,,hexane:49
1.0,1.49,2.053335165012637,0.6332395055818735,models/feature engineering v1/data FE-V1/agg.data.xlsx,40,synthetic:42:96,hexane,synthetic_audit_only,0.001,1.4200956594307637,hexane:1,3.9,0.377,342.039,17.89,True,True,,hexane:40
0.15,1.44,0.9938019897870343,0.29031053732207573,models/feature engineering v1/data FE-V1/ethyl acetate+pdms.csv,7,synthetic:42:97,ethyl_acetate,synthetic_audit_only,0.00015,0.7034914524649585,ethyl_acetate:0.15,0.7,0.423,350.372,24.0,True,True,,ethyl_acetate:7
40.0,1.46,0.8207116119998489,0.6996364949779292,models/feature engineering v1/data FE-V1/toluene+pdms.csv,46,synthetic:42:98,toluene,synthetic_audit_only,0.04,0.12107511702191963,toluene:40,2.7,0.68,383.75,29.46,True,True,,toluene:46
0.09,1.44,0.9155342318101205,0.6021544384255264,models/feature engineering v1/data FE-V1/agg.data.xlsx,22,synthetic:42:99,hexane,synthetic_audit_only,8.999999999999999e-05,0.31337979338459404,hexane:0.09,3.9,0.377,342.039,17.89,True,True,,hexane:22
1.0,1.32,1.3459834529958539,0.7044816721711643,models/feature engineering v1/data FE-V1/ethyl acetate+pdms.csv,22,synthetic:42:100,ethyl_acetate,synthetic_audit_only,0.001,0.6415017808246896,ethyl_acetate:1,0.7,0.423,350.372,24.0,True,True,,ethyl_acetate:22
0.15,1.62,0.8534825308392029,0.3579319631524108,models/feature engineering v1/data FE-V1/agg.data.xlsx,31,synthetic:42:101,hexane,synthetic_audit_only,0.00015,0.495550567686792,hexane:0.15,3.9,0.377,342.039,17.89,True,True,,hexane:31
1.0,1.33,1.280669895656077,0.5883177584013984,models/feature engineering v1/data FE-V1/ethyl acetate+pdms.csv,20,synthetic:42:102,ethyl_acetate,synthetic_audit_only,0.001,0.6923521372546784,ethyl_acetate:1,0.7,0.423,350.372,24.0,True,True,,ethyl_acetate:20
0.02,1.45,0.7217662984565847,0.6806889792009806,models/feature engineering v1/data FE-V1/agg.data.xlsx,2,synthetic:42:103,hexane,synthetic_audit_only,2e-05,0.04107731925560408,hexane:0.02,3.9,0.377,342.039,17.89,True,True,,hexane:2
1.0,1.33,1.3426421356625808,0.6533510218410294,models/feature engineering v1/data FE-V1/ethyl acetate+pdms.csv,20,synthetic:42:104,ethyl_acetate,synthetic_audit_only,0.001,0.6892911138215515,ethyl_acetate:1,0.7,0.423,350.372,24.0,True,True,,ethyl_acetate:20
0.25,1.32,1.0439058111673258,0.4468128562239195,models/feature engineering v1/data FE-V1/ethyl acetate+pdms.csv,19,synthetic:42:105,ethyl_acetate,synthetic_audit_only,0.00025,0.5970929549434063,ethyl_acetate:0.25,0.7,0.423,350.372,24.0,True,True,,ethyl_acetate:19
0.25,1.32,1.0006731178918111,0.4636911948887443,models/feature engineering v1/data FE-V1/ethyl acetate+pdms.csv,19,synthetic:42:106,ethyl_acetate,synthetic_audit_only,0.00025,0.5369819230030669,ethyl_acetate:0.25,0.7,0.423,350.372,24.0,True,True,,ethyl_acetate:19
0.15,1.43,0.9715630751640307,0.3322666717276796,models/feature engineering v1/data FE-V1/ethyl acetate+pdms.csv,6,synthetic:42:107,ethyl_acetate,synthetic_audit_only,0.00015,0.6392964034363511,ethyl_acetate:0.15,0.7,0.423,350.372,24.0,True,True,,ethyl_acetate:6
0.025,1.61,0.5712007286385856,0.3980728556173629,models/feature engineering v1/data FE-V1/toluene+pdms.csv,29,synthetic:42:108,toluene,synthetic_audit_only,2.5e-05,0.17312787302122276,toluene:0.025,2.7,0.68,383.75,29.46,True,True,,toluene:29
0.25,1.47,1.0357781981587184,0.352851125749189,models/feature engineering v1/data FE-V1/ethyl acetate+pdms.csv,8,synthetic:42:109,ethyl_acetate,synthetic_audit_only,0.00025,0.6829270724095294,ethyl_acetate:0.25,0.7,0.423,350.372,24.0,True,True,,ethyl_acetate:8
2.5,1.42,3.437298120906654,0.5654914706541868,models/feature engineering v1/data FE-V1/agg.data.xlsx,48,synthetic:42:110,hexane,synthetic_audit_only,0.0025,2.8718066502524673,hexane:2.5,3.9,0.377,342.039,17.89,True,True,,hexane:48
0.25,1.32,0.9541100060244536,0.4382273783310923,models/feature engineering v1/data FE-V1/ethyl acetate+pdms.csv,19,synthetic:42:111,ethyl_acetate,synthetic_audit_only,0.00025,0.5158826276933614,ethyl_acetate:0.25,0.7,0.423,350.372,24.0,True,True,,ethyl_acetate:19
0.05,1.6,0.6440758492368114,0.3355553533427175,models/feature engineering v1/data FE-V1/toluene+pdms.csv,34,synthetic:42:112,toluene,synthetic_audit_only,5e-05,0.30852049589409386,toluene:0.05,2.7,0.68,383.75,29.46,True,True,,toluene:34
0.025,1.61,0.5671644274825818,0.38435913565765306,models/feature engineering v1/data FE-V1/toluene+pdms.csv,29,synthetic:42:113,toluene,synthetic_audit_only,2.5e-05,0.18280529182492872,toluene:0.025,2.7,0.68,383.75,29.46,True,True,,toluene:29
0.025,1.6,0.5642831612540016,0.3940608084689778,models/feature engineering v1/data FE-V1/toluene+pdms.csv,31,synthetic:42:114,toluene,synthetic_audit_only,2.5e-05,0.17022235278502373,toluene:0.025,2.7,0.68,383.75,29.46,True,True,,toluene:31
0.1,1.61,0.7561689939792038,0.6119823599247991,models/feature engineering v1/data FE-V1/toluene+pdms.csv,35,synthetic:42:115,toluene,synthetic_audit_only,0.0001,0.1441866340544047,toluene:0.1,2.7,0.68,383.75,29.46,True,True,,toluene:35
0.02,1.44,0.737363824140399,0.6851272849957056,models/feature engineering v1/data FE-V1/agg.data.xlsx,4,synthetic:42:116,hexane,synthetic_audit_only,2e-05,0.052236539144693346,hexane:0.02,3.9,0.377,342.039,17.89,True,True,,hexane:4
0.09,1.44,0.9198449493397717,0.5778440768922238,models/feature engineering v1/data FE-V1/agg.data.xlsx,22,synthetic:42:117,hexane,synthetic_audit_only,8.999999999999999e-05,0.34200087244754784,hexane:0.09,3.9,0.377,342.039,17.89,True,True,,hexane:22
1.0,1.49,2.0004958875731678,0.5737293831445572,models/feature engineering v1/data FE-V1/agg.data.xlsx,40,synthetic:42:118,hexane,synthetic_audit_only,0.001,1.4267665044286106,hexane:1,3.9,0.377,342.039,17.89,True,True,,hexane:40
0.09,1.43,0.8775634413821322,0.5488948867032922,models/feature engineering v1/data FE-V1/agg.data.xlsx,20,synthetic:42:119,hexane,synthetic_audit_only,8.999999999999999e-05,0.32866855467883993,hexane:0.09,3.9,0.377,342.039,17.89,True,True,,hexane:20
0.005,1.56,0.5332574536944024,0.4306057662618727,models/feature engineering v1/data FE-V1/toluene+pdms.csv,21,synthetic:42:120,toluene,synthetic_audit_only,5e-06,0.10265168743252964,toluene:0.005,2.7,0.68,383.75,29.46,True,True,,toluene:21
0.15,1.43,0.9749198791483529,0.3196015985013665,models/feature engineering v1/data FE-V1/ethyl acetate+pdms.csv,6,synthetic:42:121,ethyl_acetate,synthetic_audit_only,0.00015,0.6553182806469864,ethyl_acetate:0.15,0.7,0.423,350.372,24.0,True,True,,ethyl_acetate:6
0.15,1.44,0.9306991487844989,0.308275262761402,models/feature engineering v1/data FE-V1/ethyl acetate+pdms.csv,5,synthetic:42:122,ethyl_acetate,synthetic_audit_only,0.00015,0.6224238860230968,ethyl_acetate:0.15,0.7,0.423,350.372,24.0,True,True,,ethyl_acetate:5
0.025,1.61,0.5748908823026129,0.39572576241858964,models/feature engineering v1/data FE-V1/toluene+pdms.csv,29,synthetic:42:123,toluene,synthetic_audit_only,2.5e-05,0.17916511988402317,toluene:0.025,2.7,0.68,383.75,29.46,True,True,,toluene:29
2.0,1.48,1.687597062287765,0.6857939839431413,models/feature engineering v1/data FE-V1/ethyl acetate+pdms.csv,23,synthetic:42:124,ethyl_acetate,synthetic_audit_only,0.002,1.0018030783446237,ethyl_acetate:2,0.7,0.423,350.372,24.0,True,True,,ethyl_acetate:23
0.1,1.61,0.8418575331174282,0.6986348627279811,models/feature engineering v1/data FE-V1/toluene+pdms.csv,35,synthetic:42:125,toluene,synthetic_audit_only,0.0001,0.14322267038944703,toluene:0.1,2.7,0.68,383.75,29.46,True,True,,toluene:35
0.02,1.48,0.6187422611711976,0.5078318758894141,models/feature engineering v1/data FE-V1/agg.data.xlsx,6,synthetic:42:126,hexane,synthetic_audit_only,2e-05,0.11091038528178344,hexane:0.02,3.9,0.377,342.039,17.89,True,True,,hexane:6
0.25,1.31,0.9728819293975982,0.3971003687529143,models/feature engineering v1/data FE-V1/ethyl acetate+pdms.csv,18,synthetic:42:127,ethyl_acetate,synthetic_audit_only,0.00025,0.5757815606446839,ethyl_acetate:0.25,0.7,0.423,350.372,24.0,True,True,,ethyl_acetate:18
0.1,1.61,0.7658223103751902,0.6056589015687571,models/feature engineering v1/data FE-V1/toluene+pdms.csv,35,synthetic:42:128,toluene,synthetic_audit_only,0.0001,0.16016340880643304,toluene:0.1,2.7,0.68,383.75,29.46,True,True,,toluene:35
40.0,1.46,0.8266567704953927,0.6990900861898942,models/feature engineering v1/data FE-V1/toluene+pdms.csv,46,synthetic:42:129,toluene,synthetic_audit_only,0.04,0.12756668430549847,toluene:40,2.7,0.68,383.75,29.46,True,True,,toluene:46
0.1,1.61,0.8157585307548947,0.6678255368467015,models/feature engineering v1/data FE-V1/toluene+pdms.csv,35,synthetic:42:130,toluene,synthetic_audit_only,0.0001,0.14793299390819314,toluene:0.1,2.7,0.68,383.75,29.46,True,True,,toluene:35
0.05,1.6,0.6593565376322181,0.34406585529685163,models/feature engineering v1/data FE-V1/toluene+pdms.csv,34,synthetic:42:131,toluene,synthetic_audit_only,5e-05,0.3152906823353665,toluene:0.05,2.7,0.68,383.75,29.46,True,True,,toluene:34
0.02,1.49,0.5605020847294491,0.48081850233460977,models/feature engineering v1/data FE-V1/agg.data.xlsx,7,synthetic:42:132,hexane,synthetic_audit_only,2e-05,0.07968358239483932,hexane:0.02,3.9,0.377,342.039,17.89,True,True,,hexane:7
0.05,1.6,0.6034289069739849,0.3112094998228945,models/feature engineering v1/data FE-V1/toluene+pdms.csv,34,synthetic:42:133,toluene,synthetic_audit_only,5e-05,0.2922194071510904,toluene:0.05,2.7,0.68,383.75,29.46,True,True,,toluene:34
0.25,1.32,1.0231542393904827,0.49169303972310135,models/feature engineering v1/data FE-V1/ethyl acetate+pdms.csv,19,synthetic:42:134,ethyl_acetate,synthetic_audit_only,0.00025,0.5314611996673814,ethyl_acetate:0.25,0.7,0.423,350.372,24.0,True,True,,ethyl_acetate:19
2.5,1.44,3.462350620960961,0.6130219066762986,models/feature engineering v1/data FE-V1/agg.data.xlsx,49,synthetic:42:135,hexane,synthetic_audit_only,0.0025,2.8493287142846624,hexane:2.5,3.9,0.377,342.039,17.89,True,True,,hexane:49
0.1,1.6,0.7531986837385685,0.566885940864518,models/feature engineering v1/data FE-V1/toluene+pdms.csv,37,synthetic:42:136,toluene,synthetic_audit_only,0.0001,0.18631274287405047,toluene:0.1,2.7,0.68,383.75,29.46,True,True,,toluene:37
0.02,1.45,0.7100348689826479,0.6438164015181865,models/feature engineering v1/data FE-V1/agg.data.xlsx,3,synthetic:42:137,hexane,synthetic_audit_only,2e-05,0.0662184674644613,hexane:0.02,3.9,0.377,342.039,17.89,True,True,,hexane:3
5.0,1.44,6.206735071542456,0.556604057268418,models/feature engineering v1/data FE-V1/agg.data.xlsx,55,synthetic:42:138,hexane,synthetic_audit_only,0.005,5.650131014274038,hexane:5,3.9,0.377,342.039,17.89,True,True,,hexane:55
0.005,1.56,0.5263702829729328,0.4305909418537983,models/feature engineering v1/data FE-V1/toluene+pdms.csv,21,synthetic:42:139,toluene,synthetic_audit_only,5e-06,0.0957793411191344,toluene:0.005,2.7,0.68,383.75,29.46,True,True,,toluene:21
5.0,1.5,2.2477521072332163,0.974423860310756,models/feature engineering v1/data FE-V1/ethyl acetate+pdms.csv,30,synthetic:42:140,ethyl_acetate,synthetic_audit_only,0.005,1.2733282469224605,ethyl_acetate:5,0.7,0.423,350.372,24.0,True,True,,ethyl_acetate:30
1.0,1.48,2.133357860100755,0.5961577074112884,models/feature engineering v1/data FE-V1/agg.data.xlsx,38,synthetic:42:141,hexane,synthetic_audit_only,0.001,1.5372001526894665,hexane:1,3.9,0.377,342.039,17.89,True,True,,hexane:38
2.5,1.42,3.437141941310352,0.56216055374716,models/feature engineering v1/data FE-V1/agg.data.xlsx,48,synthetic:42:142,hexane,synthetic_audit_only,0.0025,2.8749813875631918,hexane:2.5,3.9,0.377,342.039,17.89,True,True,,hexane:48
0.005,1.55,0.533829174345443,0.44281534403105627,models/feature engineering v1/data FE-V1/toluene+pdms.csv,20,synthetic:42:143,toluene,synthetic_audit_only,5e-06,0.09101383031438672,toluene:0.005,2.7,0.68,383.75,29.46,True,True,,toluene:20
5.0,1.5,2.4764262136349067,1.0105039784170988,models/feature engineering v1/data FE-V1/ethyl acetate+pdms.csv,31,synthetic:42:144,ethyl_acetate,synthetic_audit_only,0.005,1.4659222352178078,ethyl_acetate:5,0.7,0.423,350.372,24.0,True,True,,ethyl_acetate:31
2.0,1.48,1.5165230543078922,0.6061386016698754,models/feature engineering v1/data FE-V1/ethyl acetate+pdms.csv,23,synthetic:42:145,ethyl_acetate,synthetic_audit_only,0.002,0.9103844526380168,ethyl_acetate:2,0.7,0.423,350.372,24.0,True,True,,ethyl_acetate:23
0.02,1.44,0.7081243471930567,0.6612851900077432,models/feature engineering v1/data FE-V1/agg.data.xlsx,4,synthetic:42:146,hexane,synthetic_audit_only,2e-05,0.04683915718531348,hexane:0.02,3.9,0.377,342.039,17.89,True,True,,hexane:4
1.0,1.48,1.9829900793581028,0.5944865893236847,models/feature engineering v1/data FE-V1/agg.data.xlsx,39,synthetic:42:147,hexane,synthetic_audit_only,0.001,1.3885034900344182,hexane:1,3.9,0.377,342.039,17.89,True,True,,hexane:39
1.0,1.31,1.3104315496750405,0.6487308241143938,models/feature engineering v1/data FE-V1/ethyl acetate+pdms.csv,21,synthetic:42:148,ethyl_acetate,synthetic_audit_only,0.001,0.6617007255606466,ethyl_acetate:1,0.7,0.423,350.372,24.0,True,True,,ethyl_acetate:21
0.02,1.49,0.5641828690093906,0.4705679525454038,models/feature engineering v1/data FE-V1/agg.data.xlsx,5,synthetic:42:149,hexane,synthetic_audit_only,2e-05,0.0936149164639868,hexane:0.02,3.9,0.377,342.039,17.89,True,True,,hexane:5
2.0,1.48,1.6319720613983275,0.6311891049102517,models/feature engineering v1/data FE-V1/ethyl acetate+pdms.csv,23,synthetic:42:150,ethyl_acetate,synthetic_audit_only,0.002,1.000782956488076,ethyl_acetate:2,0.7,0.423,350.372,24.0,True,True,,ethyl_acetate:23
2.5,1.42,3.3753358470197785,0.5787011148287238,models/feature engineering v1/data FE-V1/agg.data.xlsx,48,synthetic:42:151,hexane,synthetic_audit_only,0.0025,2.796634732191055,hexane:2.5,3.9,0.377,342.039,17.89,True,True,,hexane:48
3.0,1.5,2.043221032616372,0.7621915070904122,models/feature engineering v1/data FE-V1/ethyl acetate+pdms.csv,27,synthetic:42:152,ethyl_acetate,synthetic_audit_only,0.003,1.2810295255259596,ethyl_acetate:3,0.7,0.423,350.372,24.0,True,True,,ethyl_acetate:27
2.5,1.44,3.475680521429944,0.5550102516239469,models/feature engineering v1/data FE-V1/agg.data.xlsx,49,synthetic:42:153,hexane,synthetic_audit_only,0.0025,2.9206702698059974,hexane:2.5,3.9,0.377,342.039,17.89,True,True,,hexane:49
0.005,1.56,0.554864851844764,0.448418348084834,models/feature engineering v1/data FE-V1/toluene+pdms.csv,21,synthetic:42:154,toluene,synthetic_audit_only,5e-06,0.10644650375993,toluene:0.005,2.7,0.68,383.75,29.46,True,True,,toluene:21
0.15,1.43,0.9435264870749651,0.31439329520305515,models/feature engineering v1/data FE-V1/ethyl acetate+pdms.csv,6,synthetic:42:155,ethyl_acetate,synthetic_audit_only,0.00015,0.62913319187191,ethyl_acetate:0.15,0.7,0.423,350.372,24.0,True,True,,ethyl_acetate:6
0.09,1.44,0.8572185308022222,0.547631196302959,models/feature engineering v1/data FE-V1/agg.data.xlsx,21,synthetic:42:156,hexane,synthetic_audit_only,8.999999999999999e-05,0.3095873344992632,hexane:0.09,3.9,0.377,342.039,17.89,True,True,,hexane:21
0.05,1.6,0.6402649258434259,0.32216076530223725,models/feature engineering v1/data FE-V1/toluene+pdms.csv,34,synthetic:42:157,toluene,synthetic_audit_only,5e-05,0.31810416054118856,toluene:0.05,2.7,0.68,383.75,29.46,True,True,,toluene:34
0.025,1.6,0.5594427434792576,0.3830532182245914,models/feature engineering v1/data FE-V1/toluene+pdms.csv,31,synthetic:42:158,toluene,synthetic_audit_only,2.5e-05,0.1763895252546662,toluene:0.025,2.7,0.68,383.75,29.46,True,True,,toluene:31
0.25,1.32,1.0524846674324255,0.5009392941785861,models/feature engineering v1/data FE-V1/ethyl acetate+pdms.csv,19,synthetic:42:159,ethyl_acetate,synthetic_audit_only,0.00025,0.5515453732538396,ethyl_acetate:0.25,0.7,0.423,350.372,24.0,True,True,,ethyl_acetate:19
5.0,1.5,2.1967330885767025,0.9665786170653574,models/feature engineering v1/data FE-V1/ethyl acetate+pdms.csv,31,synthetic:42:160,ethyl_acetate,synthetic_audit_only,0.005,1.230154471511345,ethyl_acetate:5,0.7,0.423,350.372,24.0,True,True,,ethyl_acetate:31
0.15,1.43,1.0154061621191892,0.3485168489407813,models/feature engineering v1/data FE-V1/ethyl acetate+pdms.csv,6,synthetic:42:161,ethyl_acetate,synthetic_audit_only,0.00015,0.6668893131784079,ethyl_acetate:0.15,0.7,0.423,350.372,24.0,True,True,,ethyl_acetate:6
0.005,1.55,0.5514548787065147,0.46609772449719605,models/feature engineering v1/data FE-V1/toluene+pdms.csv,20,synthetic:42:162,toluene,synthetic_audit_only,5e-06,0.08535715420931865,toluene:0.005,2.7,0.68,383.75,29.46,True,True,,toluene:20
7.0,1.53,9.8685385342492,0.5308784808996032,models/feature engineering v1/data FE-V1/agg.data.xlsx,58,synthetic:42:163,hexane,synthetic_audit_only,0.007,9.337660053349596,hexane:7,3.9,0.377,342.039,17.89,True,True,,hexane:58
0.005,1.55,0.5632004537412454,0.47948923961194706,models/feature engineering v1/data FE-V1/toluene+pdms.csv,20,synthetic:42:164,toluene,synthetic_audit_only,5e-06,0.08371121412929833,toluene:0.005,2.7,0.68,383.75,29.46,True,True,,toluene:20
1.0,1.31,1.347862747965792,0.6533858443231422,models/feature engineering v1/data FE-V1/ethyl acetate+pdms.csv,21,synthetic:42:165,ethyl_acetate,synthetic_audit_only,0.001,0.6944769036426499,ethyl_acetate:1,0.7,0.423,350.372,24.0,True,True,,ethyl_acetate:21
5.0,1.43,6.233056990973843,0.5829411235985432,models/feature engineering v1/data FE-V1/agg.data.xlsx,53,synthetic:42:166,hexane,synthetic_audit_only,0.005,5.6501158673753,hexane:5,3.9,0.377,342.039,17.89,True,True,,hexane:53
0.15,1.62,0.8422939196898962,0.37393900842707267,models/feature engineering v1/data FE-V1/agg.data.xlsx,29,synthetic:42:167,hexane,synthetic_audit_only,0.00015,0.46835491126282347,hexane:0.15,3.9,0.377,342.039,17.89,True,True,,hexane:29
5.0,1.44,6.6578853981262585,0.5511436974209217,models/feature engineering v1/data FE-V1/agg.data.xlsx,54,synthetic:42:168,hexane,synthetic_audit_only,0.005,6.106741700705337,hexane:5,3.9,0.377,342.039,17.89,True,True,,hexane:54
0.02,1.45,0.6972389069160532,0.636585440492648,models/feature engineering v1/data FE-V1/agg.data.xlsx,3,synthetic:42:169,hexane,synthetic_audit_only,2e-05,0.060653466423405175,hexane:0.02,3.9,0.377,342.039,17.89,True,True,,hexane:3
0.09,1.43,0.8959911055638905,0.5666820206580635,models/feature engineering v1/data FE-V1/agg.data.xlsx,20,synthetic:42:170,hexane,synthetic_audit_only,8.999999999999999e-05,0.32930908490582694,hexane:0.09,3.9,0.377,342.039,17.89,True,True,,hexane:20
0.02,1.49,0.5392083884714547,0.44255622279836904,models/feature engineering v1/data FE-V1/agg.data.xlsx,7,synthetic:42:171,hexane,synthetic_audit_only,2e-05,0.09665216567308571,hexane:0.02,3.9,0.377,342.039,17.89,True,True,,hexane:7
0.25,1.31,1.0107830381263758,0.40505151487690155,models/feature engineering v1/data FE-V1/ethyl acetate+pdms.csv,18,synthetic:42:172,ethyl_acetate,synthetic_audit_only,0.00025,0.6057315232494742,ethyl_acetate:0.25,0.7,0.423,350.372,24.0,True,True,,ethyl_acetate:18
0.25,1.47,1.1165200737440628,0.3462463796658556,models/feature engineering v1/data FE-V1/ethyl acetate+pdms.csv,9,synthetic:42:173,ethyl_acetate,synthetic_audit_only,0.00025,0.7702736940782073,ethyl_acetate:0.25,0.7,0.423,350.372,24.0,True,True,,ethyl_acetate:9
0.25,1.47,1.110069800573177,0.3812351537285466,models/feature engineering v1/data FE-V1/ethyl acetate+pdms.csv,8,synthetic:42:174,ethyl_acetate,synthetic_audit_only,0.00025,0.7288346468446304,ethyl_acetate:0.25,0.7,0.423,350.372,24.0,True,True,,ethyl_acetate:8
0.025,1.61,0.5787049565363653,0.4044144379095222,models/feature engineering v1/data FE-V1/toluene+pdms.csv,29,synthetic:42:175,toluene,synthetic_audit_only,2.5e-05,0.17429051862684308,toluene:0.025,2.7,0.68,383.75,29.46,True,True,,toluene:29
0.25,1.47,1.1702468942035653,0.3828776407794808,models/feature engineering v1/data FE-V1/ethyl acetate+pdms.csv,9,synthetic:42:176,ethyl_acetate,synthetic_audit_only,0.00025,0.7873692534240846,ethyl_acetate:0.25,0.7,0.423,350.372,24.0,True,True,,ethyl_acetate:9
0.15,1.62,0.879880940891318,0.393649133044652,models/feature engineering v1/data FE-V1/agg.data.xlsx,29,synthetic:42:177,hexane,synthetic_audit_only,0.00015,0.4862318078466659,hexane:0.15,3.9,0.377,342.039,17.89,True,True,,hexane:29
3.0,1.48,1.907867590175746,0.6555096057994648,models/feature engineering v1/data FE-V1/ethyl acetate+pdms.csv,26,synthetic:42:178,ethyl_acetate,synthetic_audit_only,0.003,1.2523579843762813,ethyl_acetate:3,0.7,0.423,350.372,24.0,True,True,,ethyl_acetate:26
0.025,1.6,0.5699698352975011,0.3882110288192334,models/feature engineering v1/data FE-V1/toluene+pdms.csv,31,synthetic:42:179,toluene,synthetic_audit_only,2.5e-05,0.18175880647826773,toluene:0.025,2.7,0.68,383.75,29.46,True,True,,toluene:31
3.0,1.5,1.7399367287776712,0.6970100478905658,models/feature engineering v1/data FE-V1/ethyl acetate+pdms.csv,28,synthetic:42:180,ethyl_acetate,synthetic_audit_only,0.003,1.0429266808871054,ethyl_acetate:3,0.7,0.423,350.372,24.0,True,True,,ethyl_acetate:28
0.09,1.44,0.8273922786285366,0.5352608970721338,models/feature engineering v1/data FE-V1/agg.data.xlsx,22,synthetic:42:181,hexane,synthetic_audit_only,8.999999999999999e-05,0.2921313815564029,hexane:0.09,3.9,0.377,342.039,17.89,True,True,,hexane:22
0.025,1.6,0.6041148131998837,0.42008545748709514,models/feature engineering v1/data FE-V1/toluene+pdms.csv,31,synthetic:42:182,toluene,synthetic_audit_only,2.5e-05,0.18402935571278858,toluene:0.025,2.7,0.68,383.75,29.46,True,True,,toluene:31
0.25,1.47,1.1880560930733903,0.3711961844856175,models/feature engineering v1/data FE-V1/ethyl acetate+pdms.csv,8,synthetic:42:183,ethyl_acetate,synthetic_audit_only,0.00025,0.8168599085877729,ethyl_acetate:0.25,0.7,0.423,350.372,24.0,True,True,,ethyl_acetate:8
0.025,1.6,0.5425175595635706,0.3761357884520127,models/feature engineering v1/data FE-V1/toluene+pdms.csv,31,synthetic:42:184,toluene,synthetic_audit_only,2.5e-05,0.16638177111155797,toluene:0.025,2.7,0.68,383.75,29.46,True,True,,toluene:31
0.005,1.57,0.4993223929968961,0.41773149037327445,models/feature engineering v1/data FE-V1/toluene+pdms.csv,22,synthetic:42:185,toluene,synthetic_audit_only,5e-06,0.08159090262362166,toluene:0.005,2.7,0.68,383.75,29.46,True,True,,toluene:22
0.15,1.62,0.8718307408919891,0.38014788853484094,models/feature engineering v1/data FE-V1/agg.data.xlsx,29,synthetic:42:186,hexane,synthetic_audit_only,0.00015,0.49168285235714815,hexane:0.15,3.9,0.377,342.039,17.89,True,True,,hexane:29
7.0,1.5,9.684037356767814,0.4980990730357033,models/feature engineering v1/data FE-V1/agg.data.xlsx,57,synthetic:42:187,hexane,synthetic_audit_only,0.007,9.18593828373211,hexane:7,3.9,0.377,342.039,17.89,True,True,,hexane:57
1.0,1.49,1.9751096486084863,0.5505013161347889,models/feature engineering v1/data FE-V1/agg.data.xlsx,40,synthetic:42:188,hexane,synthetic_audit_only,0.001,1.4246083324736973,hexane:1,3.9,0.377,342.039,17.89,True,True,,hexane:40
2.5,1.44,3.452129677822888,0.608672361565444,models/feature engineering v1/data FE-V1/agg.data.xlsx,49,synthetic:42:189,hexane,synthetic_audit_only,0.0025,2.8434573162574437,hexane:2.5,3.9,0.377,342.039,17.89,True,True,,hexane:49
0.15,1.44,1.0579867691910299,0.3280243683204867,models/feature engineering v1/data FE-V1/ethyl acetate+pdms.csv,7,synthetic:42:190,ethyl_acetate,synthetic_audit_only,0.00015,0.7299624008705432,ethyl_acetate:0.15,0.7,0.423,350.372,24.0,True,True,,ethyl_acetate:7
40.0,1.46,0.8849522669366194,0.7619174830097725,models/feature engineering v1/data FE-V1/toluene+pdms.csv,46,synthetic:42:191,toluene,synthetic_audit_only,0.04,0.12303478392684701,toluene:40,2.7,0.68,383.75,29.46,True,True,,toluene:46
0.1,1.6,0.7012161413787403,0.5343842661937195,models/feature engineering v1/data FE-V1/toluene+pdms.csv,37,synthetic:42:192,toluene,synthetic_audit_only,0.0001,0.1668318751850209,toluene:0.1,2.7,0.68,383.75,29.46,True,True,,toluene:37
7.0,1.51,10.125878575317225,0.5070331747455596,models/feature engineering v1/data FE-V1/agg.data.xlsx,56,synthetic:42:193,hexane,synthetic_audit_only,0.007,9.618845400571665,hexane:7,3.9,0.377,342.039,17.89,True,True,,hexane:56
5.0,1.48,2.7198291976197346,0.9823073571062495,models/feature engineering v1/data FE-V1/ethyl acetate+pdms.csv,29,synthetic:42:194,ethyl_acetate,synthetic_audit_only,0.005,1.7375218405134851,ethyl_acetate:5,0.7,0.423,350.372,24.0,True,True,,ethyl_acetate:29
0.02,1.49,0.569892108509986,0.479228351351238,models/feature engineering v1/data FE-V1/agg.data.xlsx,7,synthetic:42:195,hexane,synthetic_audit_only,2e-05,0.09066375715874793,hexane:0.02,3.9,0.377,342.039,17.89,True,True,,hexane:7
5.0,1.44,6.4878272066094835,0.5955460777099958,models/feature engineering v1/data FE-V1/agg.data.xlsx,55,synthetic:42:196,hexane,synthetic_audit_only,0.005,5.892281128899488,hexane:5,3.9,0.377,342.039,17.89,True,True,,hexane:55
0.09,1.43,0.8236340049277917,0.48646123921494017,models/feature engineering v1/data FE-V1/agg.data.xlsx,20,synthetic:42:197,hexane,synthetic_audit_only,8.999999999999999e-05,0.3371727657128515,hexane:0.09,3.9,0.377,342.039,17.89,True,True,,hexane:20
5.0,1.44,6.610036144090804,0.5333154602499942,models/feature engineering v1/data FE-V1/agg.data.xlsx,54,synthetic:42:198,hexane,synthetic_audit_only,0.005,6.07672068384081,hexane:5,3.9,0.377,342.039,17.89,True,True,,hexane:54
5.0,1.48,2.44618120890474,1.0081254424911732,models/feature engineering v1/data FE-V1/ethyl acetate+pdms.csv,29,synthetic:42:199,ethyl_acetate,synthetic_audit_only,0.005,1.438055766413567,ethyl_acetate:5,0.7,0.423,350.372,24.0,True,True,,ethyl_acetate:29
7.0,1.51,9.826449086924164,0.4614060133315057,models/feature engineering v1/data FE-V1/agg.data.xlsx,56,synthetic:42:200,hexane,synthetic_audit_only,0.007,9.365043073592659,hexane:7,3.9,0.377,342.039,17.89,True,True,,hexane:56
3.0,1.48,2.0171076989635788,0.7634231177257061,models/feature engineering v1/data FE-V1/ethyl acetate+pdms.csv,26,synthetic:42:201,ethyl_acetate,synthetic_audit_only,0.003,1.2536845812378727,ethyl_acetate:3,0.7,0.423,350.372,24.0,True,True,,ethyl_acetate:26
0.025,1.6,0.5829752904897088,0.39675325747061047,models/feature engineering v1/data FE-V1/toluene+pdms.csv,31,synthetic:42:202,toluene,synthetic_audit_only,2.5e-05,0.18622203301909832,toluene:0.025,2.7,0.68,383.75,29.46,True,True,,toluene:31
0.25,1.47,1.0879618303549945,0.3750964641944619,models/feature engineering v1/data FE-V1/ethyl acetate+pdms.csv,8,synthetic:42:203,ethyl_acetate,synthetic_audit_only,0.00025,0.7128653661605325,ethyl_acetate:0.25,0.7,0.423,350.372,24.0,True,True,,ethyl_acetate:8
0.005,1.57,0.5247877741535348,0.4270826455664074,models/feature engineering v1/data FE-V1/toluene+pdms.csv,22,synthetic:42:204,toluene,synthetic_audit_only,5e-06,0.09770512858712747,toluene:0.005,2.7,0.68,383.75,29.46,True,True,,toluene:22
2.5,1.44,3.4094043889343286,0.5929289310322277,models/feature engineering v1/data FE-V1/agg.data.xlsx,47,synthetic:42:205,hexane,synthetic_audit_only,0.0025,2.8164754579021007,hexane:2.5,3.9,0.377,342.039,17.89,True,True,,hexane:47
0.25,1.31,1.0485652056486154,0.41088785440028675,models/feature engineering v1/data FE-V1/ethyl acetate+pdms.csv,18,synthetic:42:206,ethyl_acetate,synthetic_audit_only,0.00025,0.6376773512483286,ethyl_acetate:0.25,0.7,0.423,350.372,24.0,True,True,,ethyl_acetate:18
5.0,1.5,2.2790280207043048,1.0003436241786237,models/feature engineering v1/data FE-V1/ethyl acetate+pdms.csv,30,synthetic:42:207,ethyl_acetate,synthetic_audit_only,0.005,1.278684396525681,ethyl_acetate:5,0.7,0.423,350.372,24.0,True,True,,ethyl_acetate:30
2.5,1.44,3.4257198306415724,0.575999276986614,models/feature engineering v1/data FE-V1/agg.data.xlsx,47,synthetic:42:208,hexane,synthetic_audit_only,0.0025,2.8497205536549584,hexane:2.5,3.9,0.377,342.039,17.89,True,True,,hexane:47
0.25,1.31,1.0195559821648552,0.39481365776126653,models/feature engineering v1/data FE-V1/ethyl acetate+pdms.csv,18,synthetic:42:209,ethyl_acetate,synthetic_audit_only,0.00025,0.6247423244035887,ethyl_acetate:0.25,0.7,0.423,350.372,24.0,True,True,,ethyl_acetate:18
2.5,1.44,3.7075350356793,0.545236201265623,models/feature engineering v1/data FE-V1/agg.data.xlsx,47,synthetic:42:210,hexane,synthetic_audit_only,0.0025,3.162298834413677,hexane:2.5,3.9,0.377,342.039,17.89,True,True,,hexane:47
0.25,1.47,1.1036816686392403,0.34699373341861584,models/feature engineering v1/data FE-V1/ethyl acetate+pdms.csv,9,synthetic:42:211,ethyl_acetate,synthetic_audit_only,0.00025,0.7566879352206245,ethyl_acetate:0.25,0.7,0.423,350.372,24.0,True,True,,ethyl_acetate:9
0.25,1.32,0.9614228215253595,0.46584668045093386,models/feature engineering v1/data FE-V1/ethyl acetate+pdms.csv,19,synthetic:42:212,ethyl_acetate,synthetic_audit_only,0.00025,0.4955761410744256,ethyl_acetate:0.25,0.7,0.423,350.372,24.0,True,True,,ethyl_acetate:19
0.005,1.57,0.5377644052240536,0.4479557342833527,models/feature engineering v1/data FE-V1/toluene+pdms.csv,22,synthetic:42:213,toluene,synthetic_audit_only,5e-06,0.08980867094070083,toluene:0.005,2.7,0.68,383.75,29.46,True,True,,toluene:22
0.25,1.47,1.0882607324663165,0.41997944073716553,models/feature engineering v1/data FE-V1/ethyl acetate+pdms.csv,10,synthetic:42:214,ethyl_acetate,synthetic_audit_only,0.00025,0.6682812917291511,ethyl_acetate:0.25,0.7,0.423,350.372,24.0,True,True,,ethyl_acetate:10
2.5,1.42,3.5442506624199237,0.5399408285146804,models/feature engineering v1/data FE-V1/agg.data.xlsx,48,synthetic:42:215,hexane,synthetic_audit_only,0.0025,3.004309833905243,hexane:2.5,3.9,0.377,342.039,17.89,True,True,,hexane:48
0.02,1.48,0.5759033017645192,0.46648797513817275,models/feature engineering v1/data FE-V1/agg.data.xlsx,6,synthetic:42:216,hexane,synthetic_audit_only,2e-05,0.1094153266263465,hexane:0.02,3.9,0.377,342.039,17.89,True,True,,hexane:6
0.02,1.49,0.5880432653794696,0.505503757712176,models/feature engineering v1/data FE-V1/agg.data.xlsx,7,synthetic:42:217,hexane,synthetic_audit_only,2e-05,0.08253950766729352,hexane:0.02,3.9,0.377,342.039,17.89,True,True,,hexane:7
0.005,1.57,0.5063235840968585,0.42341183706226715,models/feature engineering v1/data FE-V1/toluene+pdms.csv,22,synthetic:42:218,toluene,synthetic_audit_only,5e-06,0.08291174703459142,toluene:0.005,2.7,0.68,383.75,29.46,True,True,,toluene:22
3.0,1.48,1.990139893759066,0.6805507992334638,models/feature engineering v1/data FE-V1/ethyl acetate+pdms.csv,26,synthetic:42:219,ethyl_acetate,synthetic_audit_only,0.003,1.3095890945256021,ethyl_acetate:3,0.7,0.423,350.372,24.0,True,True,,ethyl_acetate:26
0.09,1.44,0.8662530087642937,0.5548975975580047,models/feature engineering v1/data FE-V1/agg.data.xlsx,21,synthetic:42:220,hexane,synthetic_audit_only,8.999999999999999e-05,0.31135541120628896,hexane:0.09,3.9,0.377,342.039,17.89,True,True,,hexane:21
0.005,1.57,0.5374699584480949,0.4584008347636822,models/feature engineering v1/data FE-V1/toluene+pdms.csv,22,synthetic:42:221,toluene,synthetic_audit_only,5e-06,0.0790691236844127,toluene:0.005,2.7,0.68,383.75,29.46,True,True,,toluene:22
0.25,1.47,1.107636407444314,0.3597557518947228,models/feature engineering v1/data FE-V1/ethyl acetate+pdms.csv,8,synthetic:42:222,ethyl_acetate,synthetic_audit_only,0.00025,0.747880655549591,ethyl_acetate:0.25,0.7,0.423,350.372,24.0,True,True,,ethyl_acetate:8
0.15,1.62,0.8915744832778946,0.40560074223460785,models/feature engineering v1/data FE-V1/agg.data.xlsx,31,synthetic:42:223,hexane,synthetic_audit_only,0.00015,0.4859737410432867,hexane:0.15,3.9,0.377,342.039,17.89,True,True,,hexane:31
0.25,1.47,1.1069357042473684,0.36486333310316404,models/feature engineering v1/data FE-V1/ethyl acetate+pdms.csv,9,synthetic:42:224,ethyl_acetate,synthetic_audit_only,0.00025,0.7420723711442044,ethyl_acetate:0.25,0.7,0.423,350.372,24.0,True,True,,ethyl_acetate:9
5.0,1.43,6.091140113301761,0.5833444219195348,models/feature engineering v1/data FE-V1/agg.data.xlsx,53,synthetic:42:225,hexane,synthetic_audit_only,0.005,5.507795691382226,hexane:5,3.9,0.377,342.039,17.89,True,True,,hexane:53
1.0,1.33,1.3242192271852788,0.616085332227115,models/feature engineering v1/data FE-V1/ethyl acetate+pdms.csv,20,synthetic:42:226,ethyl_acetate,synthetic_audit_only,0.001,0.7081338949581638,ethyl_acetate:1,0.7,0.423,350.372,24.0,True,True,,ethyl_acetate:20
0.1,1.61,0.8663198140732035,0.6732133617501906,models/feature engineering v1/data FE-V1/toluene+pdms.csv,36,synthetic:42:227,toluene,synthetic_audit_only,0.0001,0.19310645232301282,toluene:0.1,2.7,0.68,383.75,29.46,True,True,,toluene:36
0.05,1.6,0.6848935370562044,0.3361096792936611,models/feature engineering v1/data FE-V1/toluene+pdms.csv,34,synthetic:42:228,toluene,synthetic_audit_only,5e-05,0.3487838577625432,toluene:0.05,2.7,0.68,383.75,29.46,True,True,,toluene:34
0.15,1.64,0.8556543455296757,0.32527725691452486,models/feature engineering v1/data FE-V1/agg.data.xlsx,30,synthetic:42:229,hexane,synthetic_audit_only,0.00015,0.5303770886151509,hexane:0.15,3.9,0.377,342.039,17.89,True,True,,hexane:30
0.025,1.61,0.6053380582729004,0.4220439507035557,models/feature engineering v1/data FE-V1/toluene+pdms.csv,29,synthetic:42:230,toluene,synthetic_audit_only,2.5e-05,0.1832941075693447,toluene:0.025,2.7,0.68,383.75,29.46,True,True,,toluene:29
2.0,1.48,1.6540912309716669,0.6735462240211795,models/feature engineering v1/data FE-V1/ethyl acetate+pdms.csv,23,synthetic:42:231,ethyl_acetate,synthetic_audit_only,0.002,0.9805450069504874,ethyl_acetate:2,0.7,0.423,350.372,24.0,True,True,,ethyl_acetate:23
0.02,1.45,0.7251637019957189,0.6627407295632277,models/feature engineering v1/data FE-V1/agg.data.xlsx,3,synthetic:42:232,hexane,synthetic_audit_only,2e-05,0.06242297243249114,hexane:0.02,3.9,0.377,342.039,17.89,True,True,,hexane:3
0.25,1.33,0.9524268114255483,0.43719734954380324,models/feature engineering v1/data FE-V1/ethyl acetate+pdms.csv,17,synthetic:42:233,ethyl_acetate,synthetic_audit_only,0.00025,0.5152294618817451,ethyl_acetate:0.25,0.7,0.423,350.372,24.0,True,True,,ethyl_acetate:17
0.025,1.6,0.5402786003098895,0.3595250166453976,models/feature engineering v1/data FE-V1/toluene+pdms.csv,31,synthetic:42:234,toluene,synthetic_audit_only,2.5e-05,0.18075358366449187,toluene:0.025,2.7,0.68,383.75,29.46,True,True,,toluene:31
0.25,1.47,1.077608036516239,0.3283567907229231,models/feature engineering v1/data FE-V1/ethyl acetate+pdms.csv,9,synthetic:42:235,ethyl_acetate,synthetic_audit_only,0.00025,0.749251245793316,ethyl_acetate:0.25,0.7,0.423,350.372,24.0,True,True,,ethyl_acetate:9
0.15,1.43,0.930217037038807,0.2950093642150343,models/feature engineering v1/data FE-V1/ethyl acetate+pdms.csv,6,synthetic:42:236,ethyl_acetate,synthetic_audit_only,0.00015,0.6352076728237727,ethyl_acetate:0.15,0.7,0.423,350.372,24.0,True,True,,ethyl_acetate:6
0.005,1.56,0.5102553340022107,0.4127443500632826,models/feature engineering v1/data FE-V1/toluene+pdms.csv,21,synthetic:42:237,toluene,synthetic_audit_only,5e-06,0.09751098393892806,toluene:0.005,2.7,0.68,383.75,29.46,True,True,,toluene:21
5.0,1.43,6.691633009862565,0.5717310074249081,models/feature engineering v1/data FE-V1/agg.data.xlsx,53,synthetic:42:238,hexane,synthetic_audit_only,0.005,6.119902002437657,hexane:5,3.9,0.377,342.039,17.89,True,True,,hexane:53
40.0,1.46,0.887876396345552,0.7587023792830043,models/feature engineering v1/data FE-V1/toluene+pdms.csv,46,synthetic:42:239,toluene,synthetic_audit_only,0.04,0.12917401706254772,toluene:40,2.7,0.68,383.75,29.46,True,True,,toluene:46
0.09,1.44,0.8790660549102078,0.5569536301572077,models/feature engineering v1/data FE-V1/agg.data.xlsx,22,synthetic:42:240,hexane,synthetic_audit_only,8.999999999999999e-05,0.3221124247530002,hexane:0.09,3.9,0.377,342.039,17.89,True,True,,hexane:22
0.1,1.61,0.7441557452311047,0.5583809083921442,models/feature engineering v1/data FE-V1/toluene+pdms.csv,36,synthetic:42:241,toluene,synthetic_audit_only,0.0001,0.18577483683896062,toluene:0.1,2.7,0.68,383.75,29.46,True,True,,toluene:36
0.02,1.49,0.5095177113103716,0.4182074172099292,models/feature engineering v1/data FE-V1/agg.data.xlsx,7,synthetic:42:242,hexane,synthetic_audit_only,2e-05,0.09131029410044239,hexane:0.02,3.9,0.377,342.039,17.89,True,True,,hexane:7
0.15,1.44,0.981460614423878,0.32047000218811156,models/feature engineering v1/data FE-V1/ethyl acetate+pdms.csv,5,synthetic:42:243,ethyl_acetate,synthetic_audit_only,0.00015,0.6609906122357665,ethyl_acetate:0.15,0.7,0.423,350.372,24.0,True,True,,ethyl_acetate:5
40.0,1.46,0.8475389371618138,0.7218456858333988,models/feature engineering v1/data FE-V1/toluene+pdms.csv,46,synthetic:42:244,toluene,synthetic_audit_only,0.04,0.12569325132841505,toluene:40,2.7,0.68,383.75,29.46,True,True,,toluene:46
0.02,1.48,0.5784839201505416,0.48031972854474914,models/feature engineering v1/data FE-V1/agg.data.xlsx,6,synthetic:42:245,hexane,synthetic_audit_only,2e-05,0.09816419160579253,hexane:0.02,3.9,0.377,342.039,17.89,True,True,,hexane:6
0.25,1.33,0.9032694651690062,0.42411508318490615,models/feature engineering v1/data FE-V1/ethyl acetate+pdms.csv,17,synthetic:42:246,ethyl_acetate,synthetic_audit_only,0.00025,0.47915438198410004,ethyl_acetate:0.25,0.7,0.423,350.372,24.0,True,True,,ethyl_acetate:17
0.005,1.55,0.5289373683867475,0.44249837782773455,models/feature engineering v1/data FE-V1/toluene+pdms.csv,20,synthetic:42:247,toluene,synthetic_audit_only,5e-06,0.08643899055901295,toluene:0.005,2.7,0.68,383.75,29.46,True,True,,toluene:20
0.25,1.32,0.9678444272357288,0.4875970506948742,models/feature engineering v1/data FE-V1/ethyl acetate+pdms.csv,19,synthetic:42:248,ethyl_acetate,synthetic_audit_only,0.00025,0.48024737654085464,ethyl_acetate:0.25,0.7,0.423,350.372,24.0,True,True,,ethyl_acetate:19
0.02,1.44,0.7244646233870475,0.6768761258711598,models/feature engineering v1/data FE-V1/agg.data.xlsx,4,synthetic:42:249,hexane,synthetic_audit_only,2e-05,0.04758849751588774,hexane:0.02,3.9,0.377,342.039,17.89,True,True,,hexane:4
0.15,1.64,0.8653285018811994,0.36920692777128206,models/feature engineering v1/data FE-V1/agg.data.xlsx,30,synthetic:42:250,hexane,synthetic_audit_only,0.00015,0.4961215741099173,hexane:0.15,3.9,0.377,342.039,17.89,True,True,,hexane:30
0.025,1.6,0.5441167329991192,0.37602779968159267,models/feature engineering v1/data FE-V1/toluene+pdms.csv,31,synthetic:42:251,toluene,synthetic_audit_only,2.5e-05,0.1680889333175266,toluene:0.025,2.7,0.68,383.75,29.46,True,True,,toluene:31
0.15,1.62,0.882966640013171,0.3761322017639031,models/feature engineering v1/data FE-V1/agg.data.xlsx,31,synthetic:42:252,hexane,synthetic_audit_only,0.00015,0.506834438249268,hexane:0.15,3.9,0.377,342.039,17.89,True,True,,hexane:31
5.0,1.44,6.375611761062435,0.5547441869420422,models/feature engineering v1/data FE-V1/agg.data.xlsx,54,synthetic:42:253,hexane,synthetic_audit_only,0.005,5.820867574120393,hexane:5,3.9,0.377,342.039,17.89,True,True,,hexane:54
0.15,1.44,0.9685326153380849,0.3329849918897518,models/feature engineering v1/data FE-V1/ethyl acetate+pdms.csv,5,synthetic:42:254,ethyl_acetate,synthetic_audit_only,0.00015,0.6355476234483332,ethyl_acetate:0.15,0.7,0.423,350.372,24.0,True,True,,ethyl_acetate:5
0.09,1.44,0.8672548468159399,0.5386043299508781,models/feature engineering v1/data FE-V1/agg.data.xlsx,22,synthetic:42:255,hexane,synthetic_audit_only,8.999999999999999e-05,0.32865051686506175,hexane:0.09,3.9,0.377,342.039,17.89,True,True,,hexane:22
0.15,1.43,1.0121906037056125,0.3280379682617393,models/feature engineering v1/data FE-V1/ethyl acetate+pdms.csv,6,synthetic:42:256,ethyl_acetate,synthetic_audit_only,0.00015,0.6841526354438733,ethyl_acetate:0.15,0.7,0.423,350.372,24.0,True,True,,ethyl_acetate:6
0.09,1.43,0.8556066730017096,0.5322041732195337,models/feature engineering v1/data FE-V1/agg.data.xlsx,20,synthetic:42:257,hexane,synthetic_audit_only,8.999999999999999e-05,0.32340249978217583,hexane:0.09,3.9,0.377,342.039,17.89,True,True,,hexane:20
0.15,1.64,0.8536785920525778,0.3574433625264253,models/feature engineering v1/data FE-V1/agg.data.xlsx,30,synthetic:42:258,hexane,synthetic_audit_only,0.00015,0.49623522952615257,hexane:0.15,3.9,0.377,342.039,17.89,True,True,,hexane:30
0.1,1.61,0.8197645150454996,0.6246275844868401,models/feature engineering v1/data FE-V1/toluene+pdms.csv,36,synthetic:42:259,toluene,synthetic_audit_only,0.0001,0.19513693055865952,toluene:0.1,2.7,0.68,383.75,29.46,True,True,,toluene:36
0.25,1.32,0.958274113235378,0.4248897298792348,models/feature engineering v1/data FE-V1/ethyl acetate+pdms.csv,19,synthetic:42:260,ethyl_acetate,synthetic_audit_only,0.00025,0.5333843833561432,ethyl_acetate:0.25,0.7,0.423,350.372,24.0,True,True,,ethyl_acetate:19
0.15,1.64,0.8734214049506563,0.3369823028065877,models/feature engineering v1/data FE-V1/agg.data.xlsx,30,synthetic:42:261,hexane,synthetic_audit_only,0.00015,0.5364391021440686,hexane:0.15,3.9,0.377,342.039,17.89,True,True,,hexane:30
2.5,1.44,3.560635415338135,0.556446141547105,models/feature engineering v1/data FE-V1/agg.data.xlsx,49,synthetic:42:262,hexane,synthetic_audit_only,0.0025,3.00418927379103,hexane:2.5,3.9,0.377,342.039,17.89,True,True,,hexane:49
3.0,1.5,1.9151453257861262,0.6221302830284681,models/feature engineering v1/data FE-V1/ethyl acetate+pdms.csv,27,synthetic:42:263,ethyl_acetate,synthetic_audit_only,0.003,1.293015042757658,ethyl_acetate:3,0.7,0.423,350.372,24.0,True,True,,ethyl_acetate:27
5.0,1.5,2.1783452050565115,0.9075209518007934,models/feature engineering v1/data FE-V1/ethyl acetate+pdms.csv,31,synthetic:42:264,ethyl_acetate,synthetic_audit_only,0.005,1.2708242532557181,ethyl_acetate:5,0.7,0.423,350.372,24.0,True,True,,ethyl_acetate:31
0.1,1.61,0.811779438265689,0.6221314160230252,models/feature engineering v1/data FE-V1/toluene+pdms.csv,36,synthetic:42:265,toluene,synthetic_audit_only,0.0001,0.18964802224266375,toluene:0.1,2.7,0.68,383.75,29.46,True,True,,toluene:36
0.005,1.57,0.5221807140986671,0.43323509428906765,models/feature engineering v1/data FE-V1/toluene+pdms.csv,22,synthetic:42:266,toluene,synthetic_audit_only,5e-06,0.08894561980959945,toluene:0.005,2.7,0.68,383.75,29.46,True,True,,toluene:22
5.0,1.44,6.1938184298231285,0.5547723127771378,models/feature engineering v1/data FE-V1/agg.data.xlsx,55,synthetic:42:267,hexane,synthetic_audit_only,0.005,5.63904611704599,hexane:5,3.9,0.377,342.039,17.89,True,True,,hexane:55
40.0,1.45,0.8768036612709883,0.7382564148703091,models/feature engineering v1/data FE-V1/toluene+pdms.csv,45,synthetic:42:268,toluene,synthetic_audit_only,0.04,0.13854724640067917,toluene:40,2.7,0.68,383.75,29.46,True,True,,toluene:45
0.1,1.61,0.8367633734831735,0.6403814163143885,models/feature engineering v1/data FE-V1/toluene+pdms.csv,36,synthetic:42:269,toluene,synthetic_audit_only,0.0001,0.19638195716878507,toluene:0.1,2.7,0.68,383.75,29.46,True,True,,toluene:36
2.5,1.44,3.5511301404166957,0.5971824980054693,models/feature engineering v1/data FE-V1/agg.data.xlsx,49,synthetic:42:270,hexane,synthetic_audit_only,0.0025,2.9539476424112263,hexane:2.5,3.9,0.377,342.039,17.89,True,True,,hexane:49
0.02,1.45,0.7622713652731725,0.7053323636338764,models/feature engineering v1/data FE-V1/agg.data.xlsx,3,synthetic:42:271,hexane,synthetic_audit_only,2e-05,0.0569390016392961,hexane:0.02,3.9,0.377,342.039,17.89,True,True,,hexane:3
0.09,1.44,0.8798556770563735,0.5518490844426097,models/feature engineering v1/data FE-V1/agg.data.xlsx,22,synthetic:42:272,hexane,synthetic_audit_only,8.999999999999999e-05,0.3280065926137637,hexane:0.09,3.9,0.377,342.039,17.89,True,True,,hexane:22
5.0,1.48,2.597659765256169,0.9386406020043498,models/feature engineering v1/data FE-V1/ethyl acetate+pdms.csv,29,synthetic:42:273,ethyl_acetate,synthetic_audit_only,0.005,1.6590191632518192,ethyl_acetate:5,0.7,0.423,350.372,24.0,True,True,,ethyl_acetate:29
0.005,1.55,0.5067819828186869,0.4265820419108913,models/feature engineering v1/data FE-V1/toluene+pdms.csv,20,synthetic:42:274,toluene,synthetic_audit_only,5e-06,0.08019994090779564,toluene:0.005,2.7,0.68,383.75,29.46,True,True,,toluene:20
0.025,1.61,0.5192581943671949,0.35244494550578437,models/feature engineering v1/data FE-V1/toluene+pdms.csv,30,synthetic:42:275,toluene,synthetic_audit_only,2.5e-05,0.16681324886141055,toluene:0.025,2.7,0.68,383.75,29.46,True,True,,toluene:30
0.025,1.61,0.5442622833561559,0.3725942576334737,models/feature engineering v1/data FE-V1/toluene+pdms.csv,29,synthetic:42:276,toluene,synthetic_audit_only,2.5e-05,0.17166802572268217,toluene:0.025,2.7,0.68,383.75,29.46,True,True,,toluene:29
0.25,1.32,1.041287771116016,0.46108474756581735,models/feature engineering v1/data FE-V1/ethyl acetate+pdms.csv,19,synthetic:42:277,ethyl_acetate,synthetic_audit_only,0.00025,0.5802030235501987,ethyl_acetate:0.25,0.7,0.423,350.372,24.0,True,True,,ethyl_acetate:19
0.02,1.49,0.5902211613451577,0.4990545232790832,models/feature engineering v1/data FE-V1/agg.data.xlsx,5,synthetic:42:278,hexane,synthetic_audit_only,2e-05,0.09116663806607447,hexane:0.02,3.9,0.377,342.039,17.89,True,True,,hexane:5
0.02,1.48,0.6257482628252004,0.5115888045534253,models/feature engineering v1/data FE-V1/agg.data.xlsx,6,synthetic:42:279,hexane,synthetic_audit_only,2e-05,0.11415945827177505,hexane:0.02,3.9,0.377,342.039,17.89,True,True,,hexane:6
2.5,1.42,3.418097485412889,0.5312736755887637,models/feature engineering v1/data FE-V1/agg.data.xlsx,48,synthetic:42:280,hexane,synthetic_audit_only,0.0025,2.8868238098241252,hexane:2.5,3.9,0.377,342.039,17.89,True,True,,hexane:48
0.025,1.61,0.5570417596031493,0.3870533837927223,models/feature engineering v1/data FE-V1/toluene+pdms.csv,30,synthetic:42:281,toluene,synthetic_audit_only,2.5e-05,0.16998837581042697,toluene:0.025,2.7,0.68,383.75,29.46,True,True,,toluene:30
0.15,1.43,0.9672852180699598,0.30339749147534245,models/feature engineering v1/data FE-V1/ethyl acetate+pdms.csv,6,synthetic:42:282,ethyl_acetate,synthetic_audit_only,0.00015,0.6638877265946174,ethyl_acetate:0.15,0.7,0.423,350.372,24.0,True,True,,ethyl_acetate:6
0.025,1.61,0.5689407449777572,0.3886410267453806,models/feature engineering v1/data FE-V1/toluene+pdms.csv,30,synthetic:42:283,toluene,synthetic_audit_only,2.5e-05,0.18029971823237653,toluene:0.025,2.7,0.68,383.75,29.46,True,True,,toluene:30
0.005,1.57,0.5289674134074531,0.4365794585676611,models/feature engineering v1/data FE-V1/toluene+pdms.csv,22,synthetic:42:284,toluene,synthetic_audit_only,5e-06,0.09238795483979201,toluene:0.005,2.7,0.68,383.75,29.46,True,True,,toluene:22
3.0,1.5,1.7627863014463552,0.6744212359886895,models/feature engineering v1/data FE-V1/ethyl acetate+pdms.csv,28,synthetic:42:285,ethyl_acetate,synthetic_audit_only,0.003,1.0883650654576658,ethyl_acetate:3,0.7,0.423,350.372,24.0,True,True,,ethyl_acetate:28
0.15,1.62,0.9039249320891076,0.3975561183222447,models/feature engineering v1/data FE-V1/agg.data.xlsx,29,synthetic:42:286,hexane,synthetic_audit_only,0.00015,0.5063688137668629,hexane:0.15,3.9,0.377,342.039,17.89,True,True,,hexane:29
0.1,1.61,0.7614660039589887,0.6104642808086421,models/feature engineering v1/data FE-V1/toluene+pdms.csv,35,synthetic:42:287,toluene,synthetic_audit_only,0.0001,0.15100172315034652,toluene:0.1,2.7,0.68,383.75,29.46,True,True,,toluene:35
0.05,1.61,0.5999435592768301,0.3403546433146875,models/feature engineering v1/data FE-V1/toluene+pdms.csv,33,synthetic:42:288,toluene,synthetic_audit_only,5e-05,0.2595889159621425,toluene:0.05,2.7,0.68,383.75,29.46,True,True,,toluene:33
0.025,1.61,0.5564035536933123,0.3692260723220943,models/feature engineering v1/data FE-V1/toluene+pdms.csv,29,synthetic:42:289,toluene,synthetic_audit_only,2.5e-05,0.18717748137121795,toluene:0.025,2.7,0.68,383.75,29.46,True,True,,toluene:29
1.0,1.33,1.2062760299025483,0.5799636860848142,models/feature engineering v1/data FE-V1/ethyl acetate+pdms.csv,20,synthetic:42:290,ethyl_acetate,synthetic_audit_only,0.001,0.6263123438177342,ethyl_acetate:1,0.7,0.423,350.372,24.0,True,True,,ethyl_acetate:20
2.5,1.44,3.241555586821309,0.5815988115853832,models/feature engineering v1/data FE-V1/agg.data.xlsx,47,synthetic:42:291,hexane,synthetic_audit_only,0.0025,2.659956775235926,hexane:2.5,3.9,0.377,342.039,17.89,True,True,,hexane:47
5.0,1.48,2.6181357109323415,0.969558055335228,models/feature engineering v1/data FE-V1/ethyl acetate+pdms.csv,29,synthetic:42:292,ethyl_acetate,synthetic_audit_only,0.005,1.6485776555971134,ethyl_acetate:5,0.7,0.423,350.372,24.0,True,True,,ethyl_acetate:29
5.0,1.44,6.81158486220186,0.5584144219229956,models/feature engineering v1/data FE-V1/agg.data.xlsx,54,synthetic:42:293,hexane,synthetic_audit_only,0.005,6.253170440278864,hexane:5,3.9,0.377,342.039,17.89,True,True,,hexane:54
0.05,1.6,0.6399854078973342,0.3457761880143605,models/feature engineering v1/data FE-V1/toluene+pdms.csv,34,synthetic:42:294,toluene,synthetic_audit_only,5e-05,0.29420921988297366,toluene:0.05,2.7,0.68,383.75,29.46,True,True,,toluene:34
0.05,1.61,0.6357741847120029,0.3627553718675208,models/feature engineering v1/data FE-V1/toluene+pdms.csv,32,synthetic:42:295,toluene,synthetic_audit_only,5e-05,0.2730188128444821,toluene:0.05,2.7,0.68,383.75,29.46,True,True,,toluene:32
2.0,1.48,1.6710988483602423,0.6774273334141178,models/feature engineering v1/data FE-V1/ethyl acetate+pdms.csv,23,synthetic:42:296,ethyl_acetate,synthetic_audit_only,0.002,0.9936715149461245,ethyl_acetate:2,0.7,0.423,350.372,24.0,True,True,,ethyl_acetate:23
0.005,1.56,0.5035259691116827,0.398892643926584,models/feature engineering v1/data FE-V1/toluene+pdms.csv,21,synthetic:42:297,toluene,synthetic_audit_only,5e-06,0.10463332518509862,toluene:0.005,2.7,0.68,383.75,29.46,True,True,,toluene:21
2.5,1.42,3.9440794321995876,0.6004908965713661,models/feature engineering v1/data FE-V1/agg.data.xlsx,48,synthetic:42:298,hexane,synthetic_audit_only,0.0025,3.3435885356282213,hexane:2.5,3.9,0.377,342.039,17.89,True,True,,hexane:48
0.02,1.45,0.7098322591689362,0.6483401143073374,models/feature engineering v1/data FE-V1/agg.data.xlsx,3,synthetic:42:299,hexane,synthetic_audit_only,2e-05,0.0614921448615988,hexane:0.02,3.9,0.377,342.039,17.89,True,True,,hexane:3
