cohort,protocol,fold,model,target,n_train,n_test,n_train_groups,n_test_groups,coverage_80,mean_width_nm,rmse_nm,mae_nm,r2
primary,grouped_cv,1,mean,bonded_nm,99,27,29,7,0.5555555555555556,0.2979661016949151,0.2227501687003211,0.16823793490460157,-0.019983245764260582
primary,grouped_cv,1,mean,mobile_nm,99,27,29,7,0.8518518518518519,2.989999999999999,1.2599452006530987,1.090463898241676,-0.0019646319242410115
primary,grouped_cv,1,ridge_raw,bonded_nm,99,27,29,7,0.5185185185185185,0.32964954995677254,0.21948960845323498,0.17579450697250146,0.009658718999234317
primary,grouped_cv,1,ridge_raw,mobile_nm,99,27,29,7,0.7777777777777778,4.0215056344670055,2.186017222713806,1.6501072476176162,-2.0161729249077935
primary,grouped_cv,1,ridge_log_interactions,bonded_nm,99,27,29,7,0.5925925925925926,0.34893696899846055,0.15882310446588802,0.1356315683530542,0.48145754864615264
primary,grouped_cv,1,ridge_log_interactions,mobile_nm,99,27,29,7,0.7407407407407407,2.9142683477683344,1.3816214549406758,1.0190103510189763,-0.20483400369188454
primary,grouped_cv,1,rf_raw,bonded_nm,99,27,29,7,0.8888888888888888,0.4016789285714284,0.11606813333240451,0.09274837942921282,0.723061742839753
primary,grouped_cv,1,rf_raw,mobile_nm,99,27,29,7,1.0,3.1792400282116198,0.6083842411087622,0.46669001145459454,0.7663827051573457
primary,grouped_cv,1,rf_log_interactions,bonded_nm,99,27,29,7,0.8888888888888888,0.4540021031746033,0.14251449466772642,0.11078349767516428,0.582482167472218
primary,grouped_cv,1,rf_log_interactions,mobile_nm,99,27,29,7,1.0,6.43230919573482,1.88063292416326,1.2339012276458112,-1.2323235898896114
primary,grouped_cv,2,mean,bonded_nm,100,26,29,7,0.7692307692307693,0.45142857142857157,0.15629059964841616,0.13959230769230757,-1.130725581635415
primary,grouped_cv,2,mean,mobile_nm,100,26,29,7,0.7692307692307693,2.1612698412698412,2.9331367263366053,1.6332000000000002,-0.06420127694460542
primary,grouped_cv,2,ridge_raw,bonded_nm,100,26,29,7,0.5384615384615384,0.3726585370986315,0.19172187060184728,0.1575859137915369,-2.206307128139194
primary,grouped_cv,2,ridge_raw,mobile_nm,100,26,29,7,0.8846153846153846,2.716006241363914,2.7435533575501383,1.5379315290009843,0.06892217821303637
primary,grouped_cv,2,ridge_log_interactions,bonded_nm,100,26,29,7,0.5769230769230769,0.34721339469096235,0.12121464598758969,0.10027385180527888,-0.28165754954155164
primary,grouped_cv,2,ridge_log_interactions,mobile_nm,100,26,29,7,0.8846153846153846,1.9148551580809385,1.8502420673317066,1.1101948289694774,0.5765362278001425
primary,grouped_cv,2,rf_raw,bonded_nm,100,26,29,7,1.0,0.25785490981240944,0.057874604064171574,0.0458106273907716,0.7078284860297552
primary,grouped_cv,2,rf_raw,mobile_nm,100,26,29,7,0.7692307692307693,1.3296567134681538,0.818681147597834,0.41394462289313283,0.9170934698089198
primary,grouped_cv,2,rf_log_interactions,bonded_nm,100,26,29,7,0.8846153846153846,0.3461832345432343,0.07398477901155198,0.06271505678082588,0.5225294750554975
primary,grouped_cv,2,rf_log_interactions,mobile_nm,100,26,29,7,0.8846153846153846,3.7258164387428816,0.778788682826952,0.328588784329986,0.9249763095089281
primary,grouped_cv,3,mean,bonded_nm,101,25,28,8,0.96,0.36184615384615393,0.1114276059225505,0.0994217821782178,-0.7116793720265369
primary,grouped_cv,3,mean,mobile_nm,101,25,28,8,0.84,2.7799999999999994,2.5206329553192828,1.370229702970297,-9.215965401931925e-07
primary,grouped_cv,3,ridge_raw,bonded_nm,101,25,28,8,0.76,0.3424082820511274,0.12884831924360646,0.1139290223863468,-1.288728793329574
primary,grouped_cv,3,ridge_raw,mobile_nm,101,25,28,8,0.72,3.250542783997833,2.3289633469799633,1.0664095744970463,0.14629762899072474
primary,grouped_cv,3,ridge_log_interactions,bonded_nm,101,25,28,8,0.88,0.34249706003369534,0.10600854415741666,0.08908292754151578,-0.5492394888133822
primary,grouped_cv,3,ridge_log_interactions,mobile_nm,101,25,28,8,0.72,2.0566525537265696,1.584986064938037,0.6598262170632259,0.6046041772652354
primary,grouped_cv,3,rf_raw,bonded_nm,101,25,28,8,0.76,0.2856739474414476,0.12881507766132586,0.09696273739038737,-1.2875480072256886
primary,grouped_cv,3,rf_raw,mobile_nm,101,25,28,8,0.72,0.8192887128760143,0.8866307767644964,0.3765435245528977,0.8762723440627661
primary,grouped_cv,3,rf_log_interactions,bonded_nm,101,25,28,8,0.56,0.22367852730602722,0.15344649886538203,0.1215739942279941,-2.246016964173573
primary,grouped_cv,3,rf_log_interactions,mobile_nm,101,25,28,8,0.84,0.9980782846431286,1.6114678588309703,0.8076189184720506,0.5912813305898964
primary,grouped_cv,4,mean,bonded_nm,102,24,29,7,0.875,0.4281967213114753,0.19212869941672353,0.13692810457516338,-0.1283720277016398
primary,grouped_cv,4,mean,mobile_nm,102,24,29,7,1.0,3.069180327868853,0.8833560365735998,0.7929248366013072,-3.233524193013566
primary,grouped_cv,4,ridge_raw,bonded_nm,102,24,29,7,0.75,0.3167965395731853,0.19115810964975188,0.12974435176450413,-0.11700027498955312
primary,grouped_cv,4,ridge_raw,mobile_nm,102,24,29,7,0.75,4.575528014587697,1.326415760986853,1.0379846574088647,-8.545305461296437
primary,grouped_cv,4,ridge_log_interactions,bonded_nm,102,24,29,7,0.75,0.30656780673205125,0.1448610122308355,0.10499731133546157,0.3585381140158598
primary,grouped_cv,4,ridge_log_interactions,mobile_nm,102,24,29,7,0.8333333333333334,2.7644529108590703,0.6282008773911142,0.5473001484838362,-1.1410537037331565
primary,grouped_cv,4,rf_raw,bonded_nm,102,24,29,7,0.8333333333333334,0.33798743839493833,0.1321790819133882,0.11448977019508277,0.4659360201776489
primary,grouped_cv,4,rf_raw,mobile_nm,102,24,29,7,1.0,1.97016445616883,0.31008894173235796,0.2294476086668642,0.47832137650296724
primary,grouped_cv,4,rf_log_interactions,bonded_nm,102,24,29,7,0.5833333333333334,0.22977104562104578,0.13041606115229415,0.10383067037707656,0.480087828620836
primary,grouped_cv,4,rf_log_interactions,mobile_nm,102,24,29,7,0.875,2.264722304258243,0.27707391652792984,0.17385262564981327,0.583493512080967
primary,grouped_cv,5,mean,bonded_nm,102,24,29,7,0.8333333333333334,0.3622222222222222,0.11942178553529623,0.09936274509803922,-0.23434061210386803
primary,grouped_cv,5,mean,mobile_nm,102,24,29,7,0.875,2.9899999999999998,1.861689796529104,1.2991176470588235,-0.000924140087189329
primary,grouped_cv,5,ridge_raw,bonded_nm,102,24,29,7,0.875,0.3525034195612682,0.11859214705641653,0.08885599642483803,-0.21724993911851276
primary,grouped_cv,5,ridge_raw,mobile_nm,102,24,29,7,0.625,4.219807836013355,1.7530016934677612,1.285521749881377,0.11253507435751475
primary,grouped_cv,5,ridge_log_interactions,bonded_nm,102,24,29,7,0.875,0.3945631234182474,0.1001136184785676,0.08109295359372566,0.1325304977526437
primary,grouped_cv,5,ridge_log_interactions,mobile_nm,102,24,29,7,0.75,2.6799681233555113,0.8144419785514035,0.6669410190269794,0.8084391183524517
primary,grouped_cv,5,rf_raw,bonded_nm,102,24,29,7,1.0,0.48159930375180365,0.07377819457258131,0.06058780095483209,0.5288882407824905
primary,grouped_cv,5,rf_raw,mobile_nm,102,24,29,7,0.875,1.19900516963939,0.7414815488814318,0.44562491456460246,0.8412231346870941
primary,grouped_cv,5,rf_log_interactions,bonded_nm,102,24,29,7,0.875,0.48908193278943224,0.09998745841525007,0.07481643646284265,0.13471543627644633
primary,grouped_cv,5,rf_log_interactions,mobile_nm,102,24,29,7,0.9166666666666666,2.8279908834047895,0.9647565811263681,0.5606951732815784,0.731204479901947
primary,leave_one_solvent_out,ethyl_acetate,mean,bonded_nm,93,33,27,9,0.30303030303030304,0.29533333333333345,0.26479119284452846,0.22699902248289344,-0.016683469525852423
primary,leave_one_solvent_out,ethyl_acetate,mean,mobile_nm,93,33,27,9,0.9696969696969697,3.06,0.688295048727,0.5418279569892474,-0.1419722558365204
primary,leave_one_solvent_out,ethyl_acetate,ridge_raw,bonded_nm,93,33,27,9,0.3333333333333333,0.3096373412987533,0.26262085351409614,0.2158630586004946,-8.544599335280623e-05
primary,leave_one_solvent_out,ethyl_acetate,ridge_raw,mobile_nm,93,33,27,9,0.9090909090909091,1.9475374637821783,0.9739342362810625,0.7763968747995255,-1.2864701041002102
primary,leave_one_solvent_out,ethyl_acetate,ridge_log_interactions,bonded_nm,93,33,27,9,0.3939393939393939,0.29726570288937504,0.2373448065864755,0.19597720268846539,0.1831578181346427
primary,leave_one_solvent_out,ethyl_acetate,ridge_log_interactions,mobile_nm,93,33,27,9,0.5454545454545454,0.8104288411490854,1.1922794567677089,1.0033333333333334,-2.426591900736297
primary,leave_one_solvent_out,ethyl_acetate,rf_raw,bonded_nm,93,33,27,9,0.6666666666666666,0.4138854184704187,0.2324300927602206,0.19433909927193985,0.21663637533219726
primary,leave_one_solvent_out,ethyl_acetate,rf_raw,mobile_nm,93,33,27,9,0.7272727272727273,3.3860105755986436,0.5585854075294283,0.43138747600043126,0.24788294993530768
primary,leave_one_solvent_out,ethyl_acetate,rf_log_interactions,bonded_nm,93,33,27,9,0.696969696969697,0.45017928571428567,0.23610539412385112,0.19022284411295767,0.19166662868249396
primary,leave_one_solvent_out,ethyl_acetate,rf_log_interactions,mobile_nm,93,33,27,9,1.0,5.636555061428467,0.7145002162593183,0.572880575178189,-0.23058322647032048
primary,leave_one_solvent_out,hexane,mean,bonded_nm,68,58,20,16,1.0,1.08,0.09090222446978109,0.07275862068965516,-0.008030653002510268
primary,leave_one_solvent_out,hexane,mean,mobile_nm,68,58,20,16,0.8275862068965517,3.18,3.0439309646974473,1.6638336713995943,-0.22423249538471635
primary,leave_one_solvent_out,hexane,ridge_raw,bonded_nm,68,58,20,16,1.0,1.0431380154675307,0.09349922217117203,0.07530309636531195,-0.06645052563135034
primary,leave_one_solvent_out,hexane,ridge_raw,mobile_nm,68,58,20,16,0.8275862068965517,3.177422782461135,2.892332784187046,1.734285040093219,-0.10532712139290235
primary,leave_one_solvent_out,hexane,ridge_log_interactions,bonded_nm,68,58,20,16,1.0,0.9123521308461219,0.11161695524817014,0.08797362644341318,-0.5197951685162987
primary,leave_one_solvent_out,hexane,ridge_log_interactions,mobile_nm,68,58,20,16,0.8275862068965517,3.1065752142737124,3.029766825176663,1.7335376814292331,-0.21286570946187244
primary,leave_one_solvent_out,hexane,rf_raw,bonded_nm,68,58,20,16,1.0,0.7265939992933312,0.2071944662992817,0.16996880633494862,-4.236981275529757
primary,leave_one_solvent_out,hexane,rf_raw,mobile_nm,68,58,20,16,0.7241379310344828,2.724021175318934,2.7387386226310793,1.4221111946447453,0.008950198908994511
primary,leave_one_solvent_out,hexane,rf_log_interactions,bonded_nm,68,58,20,16,1.0,0.7325081349206349,0.20375576272053417,0.17311388724063298,-4.064592619375716
primary,leave_one_solvent_out,hexane,rf_log_interactions,mobile_nm,68,58,20,16,0.7241379310344828,2.696658851230187,2.7300334791029193,1.3967682720631862,0.015240335372145086
primary,leave_one_solvent_out,toluene,mean,bonded_nm,91,35,25,11,1.0,0.4673076923076925,0.1208127290201571,0.11195604395604394,-0.036387171301294874
primary,leave_one_solvent_out,toluene,mean,mobile_nm,91,35,25,11,1.0,3.7246153846153844,1.3813163287766168,1.3793186813186813,-344.9859420595529
primary,leave_one_solvent_out,toluene,ridge_raw,bonded_nm,91,35,25,11,0.42857142857142855,0.45876813480830925,0.7864402467985318,0.4426021869566214,-42.916538412129384
primary,leave_one_solvent_out,toluene,ridge_raw,mobile_nm,91,35,25,11,0.6857142857142857,1.924419540481959,13.18276952616916,6.650644833555993,-31511.69023707968
primary,leave_one_solvent_out,toluene,ridge_log_interactions,bonded_nm,91,35,25,11,0.34285714285714286,0.40429479427486564,0.3889666316373158,0.3643307774715905,-9.742895006139417
primary,leave_one_solvent_out,toluene,ridge_log_interactions,mobile_nm,91,35,25,11,0.6857142857142857,1.5421349877994084,5.463913084225312,3.2542861220814587,-5412.519759186674
primary,leave_one_solvent_out,toluene,rf_raw,bonded_nm,91,35,25,11,0.7714285714285715,0.47112206709956744,0.16780906991336714,0.1494976135029772,-0.9995280450299646
primary,leave_one_solvent_out,toluene,rf_raw,mobile_nm,91,35,25,11,0.6857142857142857,1.0636787590068664,2.9646946005253625,1.7572206635325471,-1592.793629155174
primary,leave_one_solvent_out,toluene,rf_log_interactions,bonded_nm,91,35,25,11,0.6857142857142857,0.40339373376623405,0.22973034815398533,0.19062481057038203,-2.7474287188218964
primary,leave_one_solvent_out,toluene,rf_log_interactions,mobile_nm,91,35,25,11,0.6857142857142857,1.3391364551718141,5.086452082090135,2.951062769619269,-4690.39582119484
primary,ood_low_concentration,low,mean,bonded_nm,87,39,27,9,0.8205128205128205,0.4896428571428574,0.14010593005412142,0.12509283819628644,-0.3743408590735986
primary,ood_low_concentration,low,mean,mobile_nm,87,39,27,9,1.0,6.0,1.3705285927092654,1.3590008841732977,-58.696026549931794
primary,ood_low_concentration,low,ridge_raw,bonded_nm,87,39,27,9,0.6923076923076923,0.3150783135775015,0.16112325174100403,0.1248700157867611,-0.8175980982064377
primary,ood_low_concentration,low,ridge_raw,mobile_nm,87,39,27,9,1.0,5.04571813241073,1.938306796094519,1.592941666579132,-118.4027312046489
primary,ood_low_concentration,low,ridge_log_interactions,bonded_nm,87,39,27,9,0.5641025641025641,0.27653628021885257,0.13193324017013489,0.10169565797640315,-0.21868055135162967
primary,ood_low_concentration,low,ridge_log_interactions,mobile_nm,87,39,27,9,1.0,3.5100754142914434,0.9244193631768804,0.8137891497915666,-26.158594544426023
primary,ood_low_concentration,low,rf_raw,bonded_nm,87,39,27,9,0.7692307692307693,0.21710494116994078,0.14510344691782875,0.10879354340104336,-0.4741337241815127
primary,ood_low_concentration,low,rf_raw,mobile_nm,87,39,27,9,1.0,1.0944999000572073,0.1727590703404574,0.14720950349863804,0.05147028535244347
primary,ood_low_concentration,low,rf_log_interactions,bonded_nm,87,39,27,9,0.6923076923076923,0.3464517784992781,0.12717979610139957,0.09426081164917703,-0.13244644343938683
primary,ood_low_concentration,low,rf_log_interactions,mobile_nm,87,39,27,9,1.0,2.1686514453281722,0.16458200776933854,0.14303431424344884,0.13913721034486903
primary,ood_high_concentration,high,mean,bonded_nm,99,27,27,9,0.7037037037037037,0.3785964912280701,0.277671090623243,0.20888888888888885,-1.3038217500368892
primary,ood_high_concentration,high,mean,mobile_nm,99,27,27,9,0.5185185185185185,2.2199999999999998,4.283894184350968,2.843086419753086,-0.47016354098896196
primary,ood_high_concentration,high,ridge_raw,bonded_nm,99,27,27,9,0.2222222222222222,0.34020535560204157,1.6817900751854984,1.0978105541829155,-83.514477798579
primary,ood_high_concentration,high,ridge_raw,mobile_nm,99,27,27,9,0.0,1.8157802314931033,18.263338957461073,12.233812688132767,-25.720743462283433
primary,ood_high_concentration,high,ridge_log_interactions,bonded_nm,99,27,27,9,0.37037037037037035,0.34586535101255333,0.39206078300368713,0.29460702871815775,-3.5929778158206442
primary,ood_high_concentration,high,ridge_log_interactions,mobile_nm,99,27,27,9,0.07407407407407407,0.6540512640710178,4.40014871925439,3.55033077995179,-0.5510396114703
primary,ood_high_concentration,high,rf_raw,bonded_nm,99,27,27,9,0.7777777777777778,0.4005808333333335,0.15359488796638512,0.09828431290417372,0.29507799971893234
primary,ood_high_concentration,high,rf_raw,mobile_nm,99,27,27,9,0.14814814814814814,1.9041521825396783,3.2430368698826166,2.379227242063492,0.15745724016858564
primary,ood_high_concentration,high,rf_log_interactions,bonded_nm,99,27,27,9,0.7407407407407407,0.36920674603174714,0.16890040377995785,0.13006257201646068,0.14758925108467735
primary,ood_high_concentration,high,rf_log_interactions,mobile_nm,99,27,27,9,0.1111111111111111,0.8811294047619036,3.5319972862912787,2.8119988763962387,0.0006240335571063849
including_summaries_sensitivity,grouped_cv,1,mean,bonded_nm,112,29,31,9,0.9310344827586207,0.38753623188405784,0.13203530959170004,0.11262007389162561,-0.00030187796403624567
including_summaries_sensitivity,grouped_cv,1,mean,mobile_nm,112,29,31,9,0.8620689655172413,2.6150724637681164,2.4183461035830542,1.2721490147783252,-0.0016427490995916116
including_summaries_sensitivity,grouped_cv,1,ridge_raw,bonded_nm,112,29,31,9,0.7586206896551724,0.39021160211582084,0.1523937548192086,0.11503972928308351,-0.3325553198568214
including_summaries_sensitivity,grouped_cv,1,ridge_raw,mobile_nm,112,29,31,9,0.9655172413793104,3.741163773530564,2.4262198079147783,1.42425143892514,-0.008175707791214126
including_summaries_sensitivity,grouped_cv,1,ridge_log_interactions,bonded_nm,112,29,31,9,0.9655172413793104,0.3537758151306812,0.09340968014129555,0.07112086848405093,0.49934947278519615
including_summaries_sensitivity,grouped_cv,1,ridge_log_interactions,mobile_nm,112,29,31,9,0.6206896551724138,1.8909903968699509,1.6414182019010712,0.8970316191576407,0.5385608583269317
including_summaries_sensitivity,grouped_cv,1,rf_raw,bonded_nm,112,29,31,9,1.0,0.4308466666666671,0.06561600907981267,0.05017211767638469,0.7529581493757458
including_summaries_sensitivity,grouped_cv,1,rf_raw,mobile_nm,112,29,31,9,0.8620689655172413,0.8658231507381501,0.8120460841406406,0.3198514419345029,0.8870627278783365
including_summaries_sensitivity,grouped_cv,1,rf_log_interactions,bonded_nm,112,29,31,9,0.9655172413793104,0.46327702380952496,0.09828200694272322,0.06715991612314863,0.4457586286833687
including_summaries_sensitivity,grouped_cv,1,rf_log_interactions,mobile_nm,112,29,31,9,0.6206896551724138,1.2120656730482156,1.3745758060195512,0.7908972251311907,0.6763964092594414
including_summaries_sensitivity,grouped_cv,2,mean,bonded_nm,113,28,33,7,0.8928571428571429,0.46526315789473693,0.20814454315508502,0.13558470290771177,-0.05751896131124257
including_summaries_sensitivity,grouped_cv,2,mean,mobile_nm,113,28,33,7,0.8928571428571429,3.730000000000001,2.9442168750802007,1.7106953223767383,-0.14827555431637585
including_summaries_sensitivity,grouped_cv,2,ridge_raw,bonded_nm,113,28,33,7,0.8928571428571429,0.47346883151066116,0.19337243994145692,0.13716329290868412,0.08725963333922948
including_summaries_sensitivity,grouped_cv,2,ridge_raw,mobile_nm,113,28,33,7,0.8928571428571429,3.467315675843562,2.708329872753371,1.597995396652094,0.028350471904930452
including_summaries_sensitivity,grouped_cv,2,ridge_log_interactions,bonded_nm,113,28,33,7,0.7857142857142857,0.37364239127044374,0.14811156554292335,0.11179181085982114,0.46452888490196265
including_summaries_sensitivity,grouped_cv,2,ridge_log_interactions,mobile_nm,113,28,33,7,0.8214285714285714,2.7070541831017882,1.96714824022731,1.233460360759387,0.4873975218399217
including_summaries_sensitivity,grouped_cv,2,rf_raw,bonded_nm,113,28,33,7,0.8214285714285714,0.31234890331890314,0.09876101396674423,0.08826652487889082,0.7619165626966307
including_summaries_sensitivity,grouped_cv,2,rf_raw,mobile_nm,113,28,33,7,0.8571428571428571,1.8459082143405179,0.9108216486443197,0.6038804895104894,0.8901061944339446
including_summaries_sensitivity,grouped_cv,2,rf_log_interactions,bonded_nm,113,28,33,7,0.6785714285714286,0.3548782539682538,0.0988532718330046,0.0842069595186558,0.7614715423713139
including_summaries_sensitivity,grouped_cv,2,rf_log_interactions,mobile_nm,113,28,33,7,0.7857142857142857,1.4113798140229314,0.8163061360104932,0.47731830409174136,0.9117300976597316
including_summaries_sensitivity,grouped_cv,3,mean,bonded_nm,113,28,33,7,1.0,0.43154929577464785,0.116060443128441,0.1040992414664981,-0.0025252512354729806
including_summaries_sensitivity,grouped_cv,3,mean,mobile_nm,113,28,33,7,1.0,3.730000000000001,1.0055583634532261,0.9283470290771177,-0.09571274758779369
including_summaries_sensitivity,grouped_cv,3,ridge_raw,bonded_nm,113,28,33,7,0.8928571428571429,0.451480893231796,0.13097726916331123,0.11029553870366,-0.2767878287607757
including_summaries_sensitivity,grouped_cv,3,ridge_raw,mobile_nm,113,28,33,7,1.0,4.0746731151143,1.3114020859127686,1.0245441655788203,-0.8636050969085731
including_summaries_sensitivity,grouped_cv,3,ridge_log_interactions,bonded_nm,113,28,33,7,0.8571428571428571,0.40295866829702437,0.12158464155892193,0.10464853678608192,-0.10023209346975381
including_summaries_sensitivity,grouped_cv,3,ridge_log_interactions,mobile_nm,113,28,33,7,1.0,2.712091701115933,0.6460800071264255,0.5832921973814403,0.5476706656352115
including_summaries_sensitivity,grouped_cv,3,rf_raw,bonded_nm,113,28,33,7,0.7857142857142857,0.45053698051947993,0.1420340653653246,0.11687742537224681,-0.5014535706408663
including_summaries_sensitivity,grouped_cv,3,rf_raw,mobile_nm,113,28,33,7,1.0,2.921154657480416,0.32716278157535017,0.2185050636441925,0.8840128350389821
including_summaries_sensitivity,grouped_cv,3,rf_log_interactions,bonded_nm,113,28,33,7,0.9285714285714286,0.4914082215007211,0.13235319515586222,0.1083724451490969,-0.30375423367272836
including_summaries_sensitivity,grouped_cv,3,rf_log_interactions,mobile_nm,113,28,33,7,1.0,2.881777361155708,0.26469349853848745,0.17530099032809524,0.9240778151140812
including_summaries_sensitivity,grouped_cv,4,mean,bonded_nm,113,28,32,8,0.8571428571428571,0.44054794520547935,0.15743600804489716,0.14054045512010116,-0.1096879055034996
including_summaries_sensitivity,grouped_cv,4,mean,mobile_nm,113,28,32,8,0.8928571428571429,3.1800000000000006,1.7567097139086358,1.1656826801517066,-0.0037174042287380082
including_summaries_sensitivity,grouped_cv,4,ridge_raw,bonded_nm,113,28,32,8,0.8928571428571429,0.4888653475503218,0.1398090325841258,0.1142765432963778,0.12488893445943683
including_summaries_sensitivity,grouped_cv,4,ridge_raw,mobile_nm,113,28,32,8,0.8928571428571429,3.0676314056299847,1.5559276041853154,0.9309928833271439,0.21260940896515002
including_summaries_sensitivity,grouped_cv,4,ridge_log_interactions,bonded_nm,113,28,32,8,0.8214285714285714,0.4339720683856953,0.12513968527421507,0.09198616148985407,0.2988953766875935
including_summaries_sensitivity,grouped_cv,4,ridge_log_interactions,mobile_nm,113,28,32,8,1.0,3.2153969066002612,0.7488042042619532,0.5603318303203626,0.817632267818533
including_summaries_sensitivity,grouped_cv,4,rf_raw,bonded_nm,113,28,32,8,0.9285714285714286,0.36084367854367905,0.12582824854419314,0.10335757182797364,0.291158693701156
including_summaries_sensitivity,grouped_cv,4,rf_raw,mobile_nm,113,28,32,8,0.8928571428571429,1.8864352855279642,0.6489943502578693,0.3517966002895915,0.8630086071163072
including_summaries_sensitivity,grouped_cv,4,rf_log_interactions,bonded_nm,113,28,32,8,0.8571428571428571,0.40186575216450265,0.17290366475152094,0.13401638607424335,-0.33844679159712054
including_summaries_sensitivity,grouped_cv,4,rf_log_interactions,mobile_nm,113,28,32,8,0.75,2.5822312476709803,1.4010755916055164,0.7793507155924723,0.3615386914921246
including_summaries_sensitivity,grouped_cv,5,mean,bonded_nm,113,28,31,9,0.8928571428571429,0.63,0.1821447817650212,0.13484829329962075,-0.0005904811270591726
including_summaries_sensitivity,grouped_cv,5,mean,mobile_nm,113,28,31,9,1.0,3.1800000000000006,0.8396630236713283,0.7876833122629583,-4.188574747971899
including_summaries_sensitivity,grouped_cv,5,ridge_raw,bonded_nm,113,28,31,9,0.8928571428571429,0.5269793131927839,0.16082405164443314,0.11160732938665034,0.21994558762895688
including_summaries_sensitivity,grouped_cv,5,ridge_raw,mobile_nm,113,28,31,9,1.0,3.1249133493226346,0.8029083959818091,0.6047452291240164,-3.7442767969385216
including_summaries_sensitivity,grouped_cv,5,ridge_log_interactions,bonded_nm,113,28,31,9,0.8928571428571429,0.5330880260530858,0.12253570229815824,0.09502325203772204,0.547156448238173
including_summaries_sensitivity,grouped_cv,5,ridge_log_interactions,mobile_nm,113,28,31,9,1.0,3.200814948415571,0.5875594074904459,0.4584977330445155,-1.5406309771957667
including_summaries_sensitivity,grouped_cv,5,rf_raw,bonded_nm,113,28,31,9,1.0,0.641621202963704,0.10831364321892968,0.07705737429732958,0.646174419855652
including_summaries_sensitivity,grouped_cv,5,rf_raw,mobile_nm,113,28,31,9,1.0,1.733843757784874,0.10779614329606785,0.09027049274138557,0.9144845733754522
including_summaries_sensitivity,grouped_cv,5,rf_log_interactions,bonded_nm,113,28,31,9,0.9285714285714286,0.6571650568875571,0.11660136666714332,0.08276407172688423,0.5899562647112486
including_summaries_sensitivity,grouped_cv,5,rf_log_interactions,mobile_nm,113,28,31,9,1.0,4.391358431702227,0.24397491392630996,0.14430074553422778,0.5619452766339093
including_summaries_sensitivity,leave_one_solvent_out,ethyl_acetate,mean,bonded_nm,108,33,31,9,0.8181818181818182,0.4914705882352943,0.26720360009640004,0.22559764309764307,-0.03529305490129775
including_summaries_sensitivity,leave_one_solvent_out,ethyl_acetate,mean,mobile_nm,108,33,31,9,0.9696969696969697,3.06,0.652848036312641,0.49087822671155995,-0.027378484095842204
including_summaries_sensitivity,leave_one_solvent_out,ethyl_acetate,ridge_raw,bonded_nm,108,33,31,9,0.5757575757575758,0.3655982924315092,0.2698047644267134,0.21388178215820586,-0.05554783490776316
including_summaries_sensitivity,leave_one_solvent_out,ethyl_acetate,ridge_raw,mobile_nm,108,33,31,9,0.9090909090909091,1.9798554168294753,0.9253276889848078,0.7048295993455715,-1.0639414728903187
including_summaries_sensitivity,leave_one_solvent_out,ethyl_acetate,ridge_log_interactions,bonded_nm,108,33,31,9,0.696969696969697,0.40749821078001924,0.24439366505438606,0.19506494888227205,0.13391886495252947
including_summaries_sensitivity,leave_one_solvent_out,ethyl_acetate,ridge_log_interactions,mobile_nm,108,33,31,9,0.6060606060606061,1.0707751107517038,1.1922794567677089,1.0033333333333334,-2.426591900736297
including_summaries_sensitivity,leave_one_solvent_out,ethyl_acetate,rf_raw,bonded_nm,108,33,31,9,0.45454545454545453,0.3739728285603288,0.2723043679074405,0.23012303276269183,-0.07519665763474537
including_summaries_sensitivity,leave_one_solvent_out,ethyl_acetate,rf_raw,mobile_nm,108,33,31,9,0.8787878787878788,1.6294335978163252,0.5099180453724508,0.4052624346318665,0.37323169760582775
including_summaries_sensitivity,leave_one_solvent_out,ethyl_acetate,rf_log_interactions,bonded_nm,108,33,31,9,0.5151515151515151,0.40978030663780685,0.31116510795195784,0.24958454572784125,-0.4039785554362978
including_summaries_sensitivity,leave_one_solvent_out,ethyl_acetate,rf_log_interactions,mobile_nm,108,33,31,9,1.0,2.6610656648906628,0.655074152003434,0.45819797957093406,-0.034396848281945225
including_summaries_sensitivity,leave_one_solvent_out,hexane,mean,bonded_nm,83,58,24,16,1.0,0.6335849056603773,0.09165009391696174,0.07474449522226839,-0.024685393139662004
including_summaries_sensitivity,leave_one_solvent_out,hexane,mean,mobile_nm,83,58,24,16,0.5172413793103449,0.892075471698113,3.06886956045954,1.6584669713336102,-0.24437467783406452
including_summaries_sensitivity,leave_one_solvent_out,hexane,ridge_raw,bonded_nm,83,58,24,16,1.0,0.5315195888801748,0.0933137595367461,0.0752025119190502,-0.06222395439215078
including_summaries_sensitivity,leave_one_solvent_out,hexane,ridge_raw,mobile_nm,83,58,24,16,0.10344827586206896,0.9639996796650238,2.893619698338575,1.7362858043101004,-0.10631094841114486
including_summaries_sensitivity,leave_one_solvent_out,hexane,ridge_log_interactions,bonded_nm,83,58,24,16,1.0,0.4448074946737992,0.11201780269125822,0.08948602292528474,-0.5307307816554987
including_summaries_sensitivity,leave_one_solvent_out,hexane,ridge_log_interactions,mobile_nm,83,58,24,16,0.05172413793103448,0.7285994087241897,3.0358993738728888,1.7401542688054572,-0.2177805996415001
including_summaries_sensitivity,leave_one_solvent_out,hexane,rf_raw,bonded_nm,83,58,24,16,0.8275862068965517,0.49835595598845556,0.19991391467586694,0.16033080082034826,-3.875405733876714
including_summaries_sensitivity,leave_one_solvent_out,hexane,rf_raw,mobile_nm,83,58,24,16,0.29310344827586204,0.5205959920634919,2.74740711202979,1.4220176386903325,0.0026666490086694195
including_summaries_sensitivity,leave_one_solvent_out,hexane,rf_log_interactions,bonded_nm,83,58,24,16,0.9655172413793104,0.5701999675324679,0.15896829289618108,0.13273277320141535,-2.082802750371363
including_summaries_sensitivity,leave_one_solvent_out,hexane,rf_log_interactions,mobile_nm,83,58,24,16,0.20689655172413793,0.43310170634920636,2.7361678872766753,1.4098028963134563,0.010809836787688876
including_summaries_sensitivity,leave_one_solvent_out,toluene,mean,bonded_nm,91,50,25,15,0.96,0.4673076923076925,0.13796325568896772,0.12377802197802198,-0.17851171835254087
including_summaries_sensitivity,leave_one_solvent_out,toluene,mean,mobile_nm,91,50,25,15,1.0,3.724615384615384,1.3587623175609918,1.3554043956043955,-201.57221181832233
including_summaries_sensitivity,leave_one_solvent_out,toluene,ridge_raw,bonded_nm,91,50,25,15,0.38,0.4587681348083093,0.7369914632305753,0.41348681043050095,-32.630393670313
including_summaries_sensitivity,leave_one_solvent_out,toluene,ridge_raw,mobile_nm,91,50,25,15,0.74,1.8742172915998214,12.194556530027993,5.802612967578393,-16315.421068783315
including_summaries_sensitivity,leave_one_solvent_out,toluene,ridge_log_interactions,bonded_nm,91,50,25,15,0.4,0.4050676228177062,0.3730393408736122,0.3460906402358868,-7.616210620393035
including_summaries_sensitivity,leave_one_solvent_out,toluene,ridge_log_interactions,mobile_nm,91,50,25,15,0.68,1.5845781563775068,5.15211280036369,3.0488421784570137,-2911.48439840326
including_summaries_sensitivity,leave_one_solvent_out,toluene,rf_raw,bonded_nm,91,50,25,15,0.72,0.4711220670995674,0.18870499147010114,0.1594257335621897,-1.2048234142375311
including_summaries_sensitivity,leave_one_solvent_out,toluene,rf_raw,mobile_nm,91,50,25,15,0.66,1.0839788946497952,2.804084614298497,1.6387281145351391,-861.7304184070973
including_summaries_sensitivity,leave_one_solvent_out,toluene,rf_log_interactions,bonded_nm,91,50,25,15,0.64,0.403393733766234,0.24762690857184924,0.19968267319902325,-2.7966687542165807
including_summaries_sensitivity,leave_one_solvent_out,toluene,rf_log_interactions,mobile_nm,91,50,25,15,0.66,1.3636641306471324,4.811668185662521,2.752318627991453,-2539.295407146493
including_summaries_sensitivity,ood_low_concentration,low,mean,bonded_nm,99,42,31,9,0.8809523809523809,0.42603174603174604,0.1301073734921259,0.11645021645021647,-0.2555867412751647
including_summaries_sensitivity,ood_low_concentration,low,mean,mobile_nm,99,42,31,9,1.0,3.058730158730159,1.2175603694734582,1.20512987012987,-48.2259994925574
including_summaries_sensitivity,ood_low_concentration,low,ridge_raw,bonded_nm,99,42,31,9,0.7857142857142857,0.45942129516874874,0.15387034597437502,0.11380763520177821,-0.756114230067743
including_summaries_sensitivity,ood_low_concentration,low,ridge_raw,mobile_nm,99,42,31,9,0.5,4.1403202408596105,1.8757463953351723,1.4832982488690665,-115.83199063079931
including_summaries_sensitivity,ood_low_concentration,low,ridge_log_interactions,bonded_nm,99,42,31,9,0.8333333333333334,0.4685696284792458,0.12941479129162803,0.09979289621381233,-0.24225494456901542
including_summaries_sensitivity,ood_low_concentration,low,ridge_log_interactions,mobile_nm,99,42,31,9,0.5476190476190477,2.6068551963551827,0.9523408065278998,0.8208220594130666,-29.116071719504685
including_summaries_sensitivity,ood_low_concentration,low,rf_raw,bonded_nm,99,42,31,9,0.8095238095238095,0.39377222222222247,0.13457603034287943,0.10073430718421789,-0.3433164361537595
including_summaries_sensitivity,ood_low_concentration,low,rf_raw,mobile_nm,99,42,31,9,1.0,1.2618044126211079,0.17453640623519662,0.14445581001339936,-0.011545900330772518
including_summaries_sensitivity,ood_low_concentration,low,rf_log_interactions,bonded_nm,99,42,31,9,0.7857142857142857,0.3406079761904755,0.11884338938081056,0.08640425569470213,-0.04759389783837786
including_summaries_sensitivity,ood_low_concentration,low,rf_log_interactions,mobile_nm,99,42,31,9,1.0,2.3236687873634296,0.16624769344956156,0.13834382262248338,0.08224915623923734
including_summaries_sensitivity,ood_high_concentration,high,mean,bonded_nm,111,30,31,9,0.7333333333333333,0.4264788732394361,0.2758913658951748,0.21322522522522522,-1.2157101844242346
including_summaries_sensitivity,ood_high_concentration,high,mean,mobile_nm,111,30,31,9,0.5333333333333333,1.4399999999999997,4.088857338334535,2.6026186186186187,-0.3981385995255933
including_summaries_sensitivity,ood_high_concentration,high,ridge_raw,bonded_nm,111,30,31,9,0.2,0.4222769875680819,1.377373190130411,0.9533598759467643,-54.22554190496749
including_summaries_sensitivity,ood_high_concentration,high,ridge_raw,mobile_nm,111,30,31,9,0.0,1.2627707732003883,17.642138890655794,12.372535779154637,-25.028478564075172
including_summaries_sensitivity,ood_high_concentration,high,ridge_log_interactions,bonded_nm,111,30,31,9,0.5333333333333333,0.3894279720290065,0.13394583259067486,0.09607504156051092,0.4777299188304335
including_summaries_sensitivity,ood_high_concentration,high,ridge_log_interactions,mobile_nm,111,30,31,9,0.16666666666666666,1.5228676504208933,3.435819202964391,2.888283959069698,0.012795980814620744
including_summaries_sensitivity,ood_high_concentration,high,rf_raw,bonded_nm,111,30,31,9,0.7666666666666667,0.46787285714285753,0.16924624205437497,0.12987842075517075,0.1661752075007351
including_summaries_sensitivity,ood_high_concentration,high,rf_raw,mobile_nm,111,30,31,9,0.1,1.5326346176046166,2.9286422322495205,1.8354662926887926,0.28273613660468466
including_summaries_sensitivity,ood_high_concentration,high,rf_log_interactions,bonded_nm,111,30,31,9,0.7666666666666667,0.42503452380952383,0.1858003991049366,0.14284170598845597,-0.004916600150023154
including_summaries_sensitivity,ood_high_concentration,high,rf_log_interactions,mobile_nm,111,30,31,9,0.06666666666666667,0.7418664285714286,3.4604528230978184,2.810567885401635,-0.001410579308212645
