Polarity (XLogP3),Viscosity (cP),Boiling Point (K),Surface Tension (mN/m),concentration_g_l,uncoated_nm,total_nm,bonded_nm,source_row,negative_mobile,negative_concentration,negative_thickness
3.9,0.377,342.039,17.89,-0.032467658,1.492659037,0.534151734,0.477579858,110,False,True,False
3.9,0.377,342.039,17.89,-0.067682274,1.448418803,0.681087181,0.583684931,114,False,True,False
3.9,0.377,342.039,17.89,-0.047854164,1.476803084,0.568619139,0.450652473,123,False,True,False
3.9,0.377,342.039,17.89,-0.275921623,1.620026074,0.35167403,0.384252263,137,True,True,False
3.9,0.377,342.039,17.89,-0.055546134,1.434997036,0.649779973,0.549604992,139,False,True,False
3.9,0.377,342.039,17.89,-0.024127836,1.630625214,0.594710412,0.380872703,141,False,True,False
3.9,0.377,342.039,17.89,-0.009296473,1.629025324,0.687159364,0.367142712,143,False,True,False
3.9,0.377,342.039,17.89,-0.118164542,1.617745671,0.476969577,0.355297896,145,False,True,False
3.9,0.377,342.039,17.89,-0.349930875,1.449117231,0.24871831,0.675250678,151,True,True,False
3.9,0.377,342.039,17.89,-0.168689743,1.45986472,0.567182937,0.589988609,161,True,True,False
3.9,0.377,342.039,17.89,-0.073003921,1.437817614,0.665462927,0.615552165,175,False,True,False
3.9,0.377,342.039,17.89,-0.077625034,1.434031014,0.684384947,0.556874721,180,False,True,False
3.9,0.377,342.039,17.89,-0.138793531,1.632052701,0.508935434,0.360246201,182,False,True,False
3.9,0.377,342.039,17.89,-0.004365775,1.617845093,0.71778534,0.377556847,184,False,True,False
3.9,0.377,342.039,17.89,-0.336845356,1.451237309,0.177342313,0.470101457,198,True,True,False
3.9,0.377,342.039,17.89,-0.036649685,1.435063543,0.716413172,0.55039864,202,False,True,False
3.9,0.377,342.039,17.89,-0.191030858,1.443196196,0.530370609,0.613786349,203,True,True,False
3.9,0.377,342.039,17.89,-0.272719931,1.45290089,0.426800226,0.595585705,209,True,True,False
3.9,0.377,342.039,17.89,-0.19683037,1.619365611,0.389100347,0.410497509,226,True,True,False
3.9,0.377,342.039,17.89,-0.189122844,1.440079771,0.517493753,0.600852058,227,True,True,False
3.9,0.377,342.039,17.89,-0.160632871,1.454355131,0.547556307,0.630833117,229,True,True,False
3.9,0.377,342.039,17.89,-0.063005222,1.48601931,0.503829303,0.463671091,232,False,True,False
3.9,0.377,342.039,17.89,-0.594533239,1.47979928,-0.165762444,0.484955226,233,True,True,True
3.9,0.377,342.039,17.89,-0.084816125,1.442195043,0.629510709,0.623390337,234,False,True,False
3.9,0.377,342.039,17.89,-0.140241206,1.445290679,0.563097558,0.652163332,239,True,True,False
3.9,0.377,342.039,17.89,-0.308819365,1.453694871,0.362254343,0.527786411,255,True,True,False
3.9,0.377,342.039,17.89,-0.058659251,1.449648541,0.611853197,0.664829362,256,True,True,False
3.9,0.377,342.039,17.89,-0.39912307,1.480817195,0.030376248,0.46795189,269,True,True,False
3.9,0.377,342.039,17.89,-0.406199127,1.44960623,0.244054071,0.599902594,271,True,True,False
3.9,0.377,342.039,17.89,-0.198794937,1.639069461,0.380427237,0.314791586,276,False,True,False
3.9,0.377,342.039,17.89,-0.003777501,1.628291455,0.6431573,0.340212929,279,False,True,False
3.9,0.377,342.039,17.89,-0.13538931,1.497778407,0.395729827,0.474636296,281,True,True,False
3.9,0.377,342.039,17.89,-0.424574947,1.439711891,0.170566422,0.676184483,285,True,True,False
3.9,0.377,342.039,17.89,-0.055056475,1.463914185,0.700165233,0.580566389,298,False,True,False
3.9,0.377,342.039,17.89,-0.014677372,1.621333106,0.623838246,0.346752235,304,False,True,False
3.9,0.377,342.039,17.89,-0.325851711,1.476288767,0.137364296,0.495141966,306,True,True,False
3.9,0.377,342.039,17.89,-0.003122308,1.492341498,0.537180149,0.472133385,308,False,True,False
3.9,0.377,342.039,17.89,-0.274364935,1.436701952,0.410023017,0.55580667,309,True,True,False
3.9,0.377,342.039,17.89,-0.227830078,1.498698432,0.25719333,0.426802173,311,True,True,False
3.9,0.377,342.039,17.89,-0.234417064,1.439121648,0.447924834,0.549994709,314,True,True,False
3.9,0.377,342.039,17.89,-0.038031362,1.433798373,0.505394285,0.489644751,316,False,True,False
3.9,0.377,342.039,17.89,-0.038458997,1.450385401,0.722077468,0.603001009,324,False,True,False
3.9,0.377,342.039,17.89,-0.176387421,1.467348375,0.391339153,0.480908831,325,True,True,False
3.9,0.377,342.039,17.89,-0.223030656,1.635218796,0.417438416,0.372052342,329,False,True,False
3.9,0.377,342.039,17.89,-0.091708362,1.452821907,0.57029662,0.669323433,336,True,True,False
3.9,0.377,342.039,17.89,-0.011920821,1.488711232,0.559298823,0.434102602,338,False,True,False
3.9,0.377,342.039,17.89,-0.157228131,1.441753165,0.510541992,0.674765439,339,True,True,False
3.9,0.377,342.039,17.89,-0.108066444,1.623595547,0.482438257,0.337512248,345,False,True,False
3.9,0.377,342.039,17.89,-0.016988151,1.475511878,0.577415669,0.467977642,354,False,True,False
3.9,0.377,342.039,17.89,-0.141417384,1.451493887,0.530352143,0.661951622,356,True,True,False
3.9,0.377,342.039,17.89,-0.094361664,1.456108863,0.650930156,0.661979921,358,True,True,False
3.9,0.377,342.039,17.89,-0.240747877,1.497849057,0.216807325,0.459527736,361,True,True,False
3.9,0.377,342.039,17.89,-0.334355242,1.440933788,0.303694193,0.671798001,362,True,True,False
3.9,0.377,342.039,17.89,-0.124101163,1.439685376,0.531231255,0.671250047,364,True,True,False
3.9,0.377,342.039,17.89,-0.060258184,1.45834531,0.636420271,0.638593213,367,True,True,False
3.9,0.377,342.039,17.89,-0.203031121,1.44428329,0.488887254,0.645844759,369,True,True,False
3.9,0.377,342.039,17.89,-0.197091228,1.626427492,0.381287968,0.347892924,370,False,True,False
3.9,0.377,342.039,17.89,-0.426211397,1.428229559,0.17405341,0.684332023,376,True,True,False
3.9,0.377,342.039,17.89,-0.120098234,1.489201934,0.368999198,0.469717531,379,True,True,False
3.9,0.377,342.039,17.89,-0.456194934,1.444460903,0.148288962,0.662201331,381,True,True,False
3.9,0.377,342.039,17.89,-0.258169827,1.612301505,0.306199377,0.350339704,382,True,True,False
3.9,0.377,342.039,17.89,-0.301645321,1.458977473,0.162531369,0.455884915,384,True,True,False
3.9,0.377,342.039,17.89,-0.160894069,1.61886682,0.455430407,0.345323049,385,False,True,False
3.9,0.377,342.039,17.89,-0.346974698,1.443290239,0.257053107,0.660349089,388,True,True,False
3.9,0.377,342.039,17.89,-0.24353423,1.426276352,0.389698558,0.700522406,389,True,True,False
3.9,0.377,342.039,17.89,-0.054754613,1.488419272,0.503817171,0.444766701,391,False,True,False
3.9,0.377,342.039,17.89,-0.119371698,1.446536626,0.59135216,0.639107904,399,True,True,False
3.9,0.377,342.039,17.89,-0.16454901,1.620737685,0.493614445,0.380204615,403,False,True,False
3.9,0.377,342.039,17.89,-0.251755152,1.444613253,0.296610214,0.476229212,414,True,True,False
3.9,0.377,342.039,17.89,-0.095908347,1.458776677,0.635438285,0.631289453,415,False,True,False
3.9,0.377,342.039,17.89,-0.185737685,1.444777168,0.477718021,0.668417509,417,True,True,False
3.9,0.377,342.039,17.89,-0.103701481,1.48697778,0.43171745,0.463689601,418,True,True,False
3.9,0.377,342.039,17.89,-0.203609874,1.632342621,0.40687933,0.41551476,427,True,True,False
3.9,0.377,342.039,17.89,-0.106057168,1.445794668,0.527943985,0.660154331,443,True,True,False
3.9,0.377,342.039,17.89,-0.189429458,1.421403635,0.519187495,0.581566622,445,True,True,False
3.9,0.377,342.039,17.89,-0.045498229,1.443403798,0.623366218,0.681990881,446,True,True,False
3.9,0.377,342.039,17.89,-0.143202912,1.43480413,0.591478404,0.556213242,447,False,True,False
3.9,0.377,342.039,17.89,-0.459489384,1.481776098,-0.016194779,0.474862448,458,True,True,True
3.9,0.377,342.039,17.89,-0.018825353,1.615748545,0.610329994,0.358760362,460,False,True,False
3.9,0.377,342.039,17.89,-0.323953797,1.460392114,0.375186987,0.645248664,466,True,True,False
3.9,0.377,342.039,17.89,-0.044124745,1.462474393,0.710173304,0.579671992,470,False,True,False
3.9,0.377,342.039,17.89,-0.019031652,1.627284818,0.624876422,0.338550395,473,False,True,False
3.9,0.377,342.039,17.89,-0.070486138,1.624334039,0.622252944,0.375351315,478,False,True,False
3.9,0.377,342.039,17.89,-0.130799436,1.461948285,0.578196594,0.572512954,481,False,True,False
3.9,0.377,342.039,17.89,-0.200271688,1.629758369,0.343472045,0.411738201,486,True,True,False
3.9,0.377,342.039,17.89,-0.08526201,1.440944648,0.667204845,0.556122628,489,False,True,False
3.9,0.377,342.039,17.89,-0.041284891,1.473757365,0.492999655,0.500838152,493,True,True,False
3.9,0.377,342.039,17.89,-0.077335813,1.611648152,0.521251998,0.358598795,495,False,True,False
3.9,0.377,342.039,17.89,-0.110436993,1.650717103,0.55661759,0.347887556,507,False,True,False
3.9,0.377,342.039,17.89,-0.00195348,1.468108776,0.624527531,0.479313176,508,False,True,False
3.9,0.377,342.039,17.89,-0.024454499,1.444902522,0.648204432,0.667910647,510,True,True,False
3.9,0.377,342.039,17.89,-0.114092666,1.619575897,0.54227859,0.384448144,515,False,True,False
3.9,0.377,342.039,17.89,-0.422746999,1.507012373,-0.000690566,0.451659656,526,True,True,True
3.9,0.377,342.039,17.89,-0.20973275,1.621289404,0.436643755,0.400209309,533,False,True,False
3.9,0.377,342.039,17.89,-0.321770427,1.430356726,0.329558849,0.688830318,543,True,True,False
3.9,0.377,342.039,17.89,-0.033191357,1.613633287,0.656935578,0.37992316,551,False,True,False
3.9,0.377,342.039,17.89,-0.160317507,1.447337738,0.527738312,0.668845925,553,True,True,False
3.9,0.377,342.039,17.89,-0.13097997,1.637645536,0.488350179,0.31999435,555,False,True,False
3.9,0.377,342.039,17.89,-0.128944766,1.483056613,0.398439837,0.444076673,558,True,True,False
3.9,0.377,342.039,17.89,-0.271108404,1.627088212,0.305043764,0.328614882,565,True,True,False
3.9,0.377,342.039,17.89,-0.119821737,1.431142605,0.578258599,0.557555276,567,False,True,False
3.9,0.377,342.039,17.89,-0.112002053,1.481123839,0.559077399,0.509458882,569,False,True,False
3.9,0.377,342.039,17.89,-0.027948049,1.431736429,0.6642741,0.682712368,586,True,True,False
3.9,0.377,342.039,17.89,-0.031925857,1.622849923,0.652501787,0.388894611,587,False,True,False
3.9,0.377,342.039,17.89,-0.095104978,1.455797234,0.619993785,0.614666698,593,False,True,False
3.9,0.377,342.039,17.89,-0.369554445,1.482796714,0.129143349,0.458065373,597,True,True,False
3.9,0.377,342.039,17.89,-0.268852255,1.442813894,0.379377342,0.670128523,601,True,True,False
3.9,0.377,342.039,17.89,-0.135956126,1.448945983,0.530011501,0.666849698,603,True,True,False
3.9,0.377,342.039,17.89,-0.174245924,1.634491629,0.389749853,0.39628266,622,True,True,False
3.9,0.377,342.039,17.89,-0.090394012,1.461010411,0.669077418,0.602918795,629,False,True,False
3.9,0.377,342.039,17.89,-0.283458231,1.448513186,0.450392893,0.593716732,638,True,True,False
3.9,0.377,342.039,17.89,-0.212424297,1.468042572,0.291045898,0.478462778,641,True,True,False
3.9,0.377,342.039,17.89,-0.350522167,1.482228259,0.110705115,0.475050501,643,True,True,False
3.9,0.377,342.039,17.89,-0.122446358,1.497937715,0.377078669,0.467197769,644,True,True,False
3.9,0.377,342.039,17.89,-0.377584668,1.502739343,0.068216296,0.464719927,647,True,True,False
3.9,0.377,342.039,17.89,-0.059565718,1.637534211,0.551319414,0.321843123,652,False,True,False
3.9,0.377,342.039,17.89,-0.1378461,1.635413915,0.490829067,0.334853126,665,False,True,False
3.9,0.377,342.039,17.89,-0.023301778,1.621480302,0.628495933,0.409217764,679,False,True,False
3.9,0.377,342.039,17.89,-0.122284395,1.441094283,0.559934046,0.676473206,683,True,True,False
3.9,0.377,342.039,17.89,-0.003248468,1.436635745,0.712655051,0.673568506,694,False,True,False
3.9,0.377,342.039,17.89,-0.196425238,1.508619582,0.305729552,0.444715403,695,True,True,False
3.9,0.377,342.039,17.89,-0.215472912,1.636599163,0.368968504,0.324213009,704,False,True,False
3.9,0.377,342.039,17.89,-0.020619085,1.432638943,0.724676031,0.687077696,717,False,True,False
3.9,0.377,342.039,17.89,-0.240684292,1.636716552,0.329329199,0.330848773,720,True,True,False
3.9,0.377,342.039,17.89,-0.2251142,1.437082117,0.480407419,0.546240189,734,True,True,False
3.9,0.377,342.039,17.89,-0.240496654,1.626932299,0.321017948,0.334502987,740,True,True,False
3.9,0.377,342.039,17.89,-0.279440727,1.454365759,0.338245354,0.662383397,742,True,True,False
3.9,0.377,342.039,17.89,-0.191639433,1.454787681,0.370932299,0.459096471,747,True,True,False
3.9,0.377,342.039,17.89,-0.045895617,1.612192984,0.621010546,0.382477419,751,False,True,False
3.9,0.377,342.039,17.89,-0.094306691,1.487500259,0.440695175,0.479786299,752,True,True,False
3.9,0.377,342.039,17.89,-0.197919705,1.49216006,0.298830857,0.483713099,762,True,True,False
3.9,0.377,342.039,17.89,-0.028267424,1.44830837,0.664622017,0.664289932,772,False,True,False
3.9,0.377,342.039,17.89,-0.174032774,1.448946441,0.558566326,0.612452602,774,True,True,False
3.9,0.377,342.039,17.89,-0.1020679,1.445454113,0.491735059,0.479503148,775,False,True,False
3.9,0.377,342.039,17.89,-0.089167763,1.490809455,0.435289623,0.471574106,779,True,True,False
3.9,0.377,342.039,17.89,-0.34172453,1.453645559,0.301799178,0.660505124,780,True,True,False
3.9,0.377,342.039,17.89,-0.208550759,1.456590299,0.339334763,0.490898665,783,True,True,False
3.9,0.377,342.039,17.89,-0.579153877,1.622842316,-0.085204813,0.330368721,785,True,True,True
3.9,0.377,342.039,17.89,-0.136334622,1.459599821,0.446078549,0.464570596,788,True,True,False
3.9,0.377,342.039,17.89,-0.177486929,1.619161105,0.405391328,0.334580671,792,False,True,False
3.9,0.377,342.039,17.89,-0.62432127,1.440190209,-0.061665879,0.670416027,802,True,True,True
3.9,0.377,342.039,17.89,-0.135887261,1.435072054,0.573477333,0.535667497,806,False,True,False
3.9,0.377,342.039,17.89,-0.201935231,1.613698527,0.39447007,0.36171901,807,False,True,False
3.9,0.377,342.039,17.89,-0.157456553,1.446259649,0.377566776,0.477482078,814,True,True,False
3.9,0.377,342.039,17.89,-0.07202353,1.630815335,0.544373349,0.336834236,815,False,True,False
3.9,0.377,342.039,17.89,-0.058222331,1.506569634,0.494980819,0.463372602,816,False,True,False
3.9,0.377,342.039,17.89,-0.280798304,1.463135191,0.451845477,0.600594335,819,True,True,False
3.9,0.377,342.039,17.89,-0.310276435,1.447510897,0.36369917,0.678608954,825,True,True,False
3.9,0.377,342.039,17.89,-0.064799,1.440048436,0.673068063,0.683153699,827,True,True,False
3.9,0.377,342.039,17.89,-0.370525889,1.626734626,0.158017096,0.33292617,828,True,True,False
3.9,0.377,342.039,17.89,-0.029037039,1.611278928,0.571601811,0.357636855,832,False,True,False
3.9,0.377,342.039,17.89,-0.139236964,1.448014387,0.553644289,0.632393215,835,True,True,False
3.9,0.377,342.039,17.89,-0.18008319,1.483389718,0.321667146,0.481274158,842,True,True,False
3.9,0.377,342.039,17.89,-0.090897225,1.486353521,0.442974461,0.436880282,860,False,True,False
3.9,0.377,342.039,17.89,-0.469866759,1.487156793,-0.020605512,0.460367358,867,True,True,True
3.9,0.377,342.039,17.89,-0.157079555,1.620965558,0.477676306,0.377072117,876,False,True,False
3.9,0.377,342.039,17.89,-0.091565803,1.430986491,0.658509644,0.544012694,882,False,True,False
3.9,0.377,342.039,17.89,-0.038956064,1.442498229,0.7178916,0.629446097,885,False,True,False
3.9,0.377,342.039,17.89,-0.162274245,1.451311996,0.535352604,0.601717552,890,True,True,False
3.9,0.377,342.039,17.89,-0.112440897,1.628591222,0.517143942,0.336969644,894,False,True,False
3.9,0.377,342.039,17.89,-0.276503788,1.437213111,0.407544178,0.524373436,896,True,True,False
3.9,0.377,342.039,17.89,-0.186535055,1.482518739,0.341256147,0.495708261,901,True,True,False
3.9,0.377,342.039,17.89,-0.144141015,1.428443454,0.533065049,0.690744118,908,True,True,False
3.9,0.377,342.039,17.89,-0.116527691,1.447834292,0.414627888,0.474168761,924,True,True,False
3.9,0.377,342.039,17.89,-0.500203989,1.649053788,0.068677668,0.356296244,927,True,True,False
3.9,0.377,342.039,17.89,-0.429726755,1.63633401,0.158729527,0.371076148,929,True,True,False
3.9,0.377,342.039,17.89,-0.232299267,1.443740764,0.372225615,0.673240465,944,True,True,False
3.9,0.377,342.039,17.89,-0.06086833,1.501162413,0.506022953,0.474699774,949,False,True,False
3.9,0.377,342.039,17.89,-0.099253803,1.443079273,0.65947508,0.547415234,951,False,True,False
3.9,0.377,342.039,17.89,-0.100259741,1.48982914,0.406341904,0.472311439,952,True,True,False
3.9,0.377,342.039,17.89,-0.075514121,1.452227718,0.600362177,0.658449456,954,True,True,False
3.9,0.377,342.039,17.89,-0.141213445,1.438790609,0.577213232,0.546830036,958,False,True,False
3.9,0.377,342.039,17.89,-0.112205504,1.465069312,0.593498194,0.567602166,960,False,True,False
3.9,0.377,342.039,17.89,-0.116310349,1.475975412,0.521935679,0.496599162,961,False,True,False
3.9,0.377,342.039,17.89,-0.153485263,1.630696419,0.461311327,0.339661124,964,False,True,False
3.9,0.377,342.039,17.89,-0.0792454,1.487834443,0.484073578,0.442521511,972,False,True,False
3.9,0.377,342.039,17.89,-0.046875161,1.471489999,0.501695629,0.476890563,985,False,True,False
3.9,0.377,342.039,17.89,-0.156381359,1.445054891,0.549765431,0.670038489,988,True,True,False
3.9,0.377,342.039,17.89,-0.095272209,1.483069407,0.445231355,0.457531122,989,True,True,False
3.9,0.377,342.039,17.89,-0.082562188,1.459658635,0.671112541,0.621683563,994,False,True,False
3.9,0.377,342.039,17.89,-0.261832958,1.625942888,0.328541965,0.349895775,996,True,True,False
3.9,0.377,342.039,17.89,-0.046622046,1.474809482,0.546491706,0.457321365,999,False,True,False
2.7,0.68,350.372,29.46,40.0630415,1.456888265,0.852600594,0.859209671,2005,True,False,False
2.7,0.68,350.372,29.46,39.92210569,1.439550926,0.84205548,0.856051145,2168,True,False,False
2.7,0.68,350.372,29.46,40.35808318,1.456138769,0.846106389,0.857237602,2409,True,False,False
2.7,0.68,350.372,29.46,40.77256268,1.449429964,0.841939332,0.855022504,2447,True,False,False
2.7,0.68,350.372,29.46,40.08848387,1.445107194,0.850526438,0.856497872,2557,True,False,False
2.7,0.68,350.372,29.46,40.78972688,1.440568432,0.845105313,0.86,2654,True,False,False
2.7,0.68,350.372,29.46,40.61581694,1.461801826,0.853114117,0.86,2897,True,False,False
2.7,0.68,350.372,29.46,40.29501389,1.46214646,0.846984238,0.86,2898,True,False,False
2.7,0.68,350.372,29.46,41.74226717,1.43985041,0.85464459,0.86,2948,True,False,False
2.7,0.68,350.372,29.46,38.69381175,1.463057612,0.842767156,0.855280864,2976,True,False,False
