cohort,protocol,model,target,n,groups,rmse_nm,mae_nm,r2,group_weighted_rmse_nm,descriptive_rmse_p025,descriptive_rmse_p975,row_coverage_80,group_simultaneous_coverage_80,mean_width_nm
including_summaries_sensitivity,grouped_cv,mean,bonded_nm,141,40,0.16240135553025983,0.12544693291551226,-0.013279272744295856,0.17638721154157025,0.12459249109680426,0.22563119372263193,0.9148936170212766,0.85,0.47038753115697785
including_summaries_sensitivity,grouped_cv,mean,mobile_nm,141,40,1.969233210029244,1.1736152840914182,-0.03406886543417054,2.581292231092747,1.0482735867254207,3.84487807778049,0.9290780141843972,0.9,3.282248946448762
including_summaries_sensitivity,grouped_cv,rf_log_interactions,bonded_nm,141,40,0.12665881615113553,0.09510435260070892,0.38365949745321415,0.14814617846804656,0.11404336237987653,0.17853700944374992,0.8723404255319149,0.725,0.47364480607847653
including_summaries_sensitivity,grouped_cv,rf_log_interactions,mobile_nm,141,40,0.9677239463683425,0.47568511123480534,0.7502772347907001,1.218639487889158,0.5406067228280551,1.8080088376087609,0.8297872340425532,0.825,2.486658272665603
including_summaries_sensitivity,grouped_cv,rf_raw,bonded_nm,141,40,0.1109160616748978,0.08688397525642197,0.5273510032901458,0.12139061774787754,0.09768422546580283,0.1432982406004498,0.9078014184397163,0.85,0.43917996285826094
including_summaries_sensitivity,grouped_cv,rf_raw,mobile_nm,141,40,0.6384134427145677,0.3168820277255251,0.8913176035859647,0.8757231644995702,0.408035974741391,1.3033641690814972,0.9219858156028369,0.875,1.8436485460649075
including_summaries_sensitivity,grouped_cv,ridge_log_interactions,bonded_nm,141,40,0.12319879812511948,0.09474537942478649,0.41687346901388733,0.1307615210007681,0.09909397570410987,0.15889767569442448,0.8652482269503546,0.775,0.41902135426216114
including_summaries_sensitivity,grouped_cv,ridge_log_interactions,mobile_nm,141,40,1.2591172974851748,0.7475901869342648,0.5772461804773391,1.5544723396091757,0.6379853536851671,2.311541970930904,0.8865248226950354,0.875,2.739210909274951
including_summaries_sensitivity,grouped_cv,ridge_raw,bonded_nm,141,40,0.15692842176461846,0.11765778630836768,0.05386507658294393,0.15985863963345948,0.11463578938077863,0.20359694607013853,0.8652482269503546,0.85,0.4656622642195358
including_summaries_sensitivity,grouped_cv,ridge_raw,mobile_nm,141,40,1.901997640854566,1.118688415744164,0.035338141325904626,2.361926154426776,1.0121645626322548,3.5035839320956117,0.950354609929078,0.925,3.4968843171480843
including_summaries_sensitivity,leave_one_solvent_out,mean,bonded_nm,141,40,0.16405768117990613,0.12743832655329707,-0.034053471450754325,0.17981749806578512,0.12786829187028623,0.22867359399139203,0.9432624113475178,0.9,0.5413605571308596
including_summaries_sensitivity,leave_one_solvent_out,mean,mobile_nm,141,40,2.1513947351403457,1.277732521979083,-0.23422790884836786,2.785420352732943,1.2780109473097852,4.0706238591229065,0.7943262411347518,0.75,2.40390884105858
including_summaries_sensitivity,leave_one_solvent_out,rf_log_interactions,bonded_nm,141,40,0.2340947624444366,0.18382215967838306,-1.1053933812681493,0.2489678597125298,0.19380916224184253,0.29959416275108663,0.7446808510638298,0.625,0.47350379378895374
including_summaries_sensitivity,leave_one_solvent_out,rf_log_interactions,mobile_nm,141,40,3.3749097390037157,1.6631562603659142,-2.0372426105908246,3.483582448406176,1.9060230793869852,4.661106458768104,0.5531914893617021,0.525,1.2845267549078185
including_summaries_sensitivity,leave_one_solvent_out,rf_raw,bonded_nm,141,40,0.21545631948377636,0.17634420714084056,-0.7834803664704344,0.22976544394314954,0.18594044265416082,0.27017751317495564,0.7021276595744681,0.6,0.45958760386382713
including_summaries_sensitivity,leave_one_solvent_out,rf_raw,mobile_nm,141,40,2.440095519743521,1.260901341231545,-0.587701352299328,2.8014779164130026,1.5487969833796837,3.903069767559935,0.5602836879432624,0.5,0.9798923475185177
including_summaries_sensitivity,leave_one_solvent_out,ridge_log_interactions,bonded_nm,141,40,0.2617011112402208,0.20519052946507682,-1.6312432114708582,0.2512906973185254,0.19805050317990341,0.3027244095727173,0.7163120567375887,0.7,0.42198338147309433
including_summaries_sensitivity,leave_one_solvent_out,ridge_log_interactions,mobile_nm,141,40,3.6792416982595952,2.0317805426494124,-2.6097057136964787,3.7923623760898812,2.1822500791958053,5.063709559034483,0.40425531914893614,0.375,1.1122216466644295
including_summaries_sensitivity,leave_one_solvent_out,ridge_raw,bonded_nm,141,40,0.4617656182306831,0.22761833350390603,-7.192058521115239,0.3900950959462887,0.1621039446238773,0.582317002363486,0.6808510638297872,0.575,0.4668885570617405
including_summaries_sensitivity,leave_one_solvent_out,ridge_raw,mobile_nm,141,40,7.508506811430023,2.93684114756957,-14.033576704621321,6.3542055241281385,1.7733370247179074,9.653361280089186,0.5177304964539007,0.55,1.5245253528789724
including_summaries_sensitivity,ood_high_concentration,mean,bonded_nm,30,9,0.2758913658951748,0.21322522522522522,-1.2157101844242346,0.2813216070199835,0.11595527038035858,0.4070822098237663,0.7333333333333333,0.6666666666666666,0.4264788732394361
including_summaries_sensitivity,ood_high_concentration,mean,mobile_nm,30,9,4.088857338334535,2.6026186186186187,-0.3981385995255933,5.412289009595216,1.9719818105993543,8.139273792421086,0.5333333333333333,0.3333333333333333,1.4399999999999997
including_summaries_sensitivity,ood_high_concentration,rf_log_interactions,bonded_nm,30,9,0.1858003991049366,0.14284170598845597,-0.004916600150023154,0.1894370216429957,0.0857018183153472,0.27263110040402355,0.7666666666666667,0.6666666666666666,0.42503452380952383
including_summaries_sensitivity,ood_high_concentration,rf_log_interactions,mobile_nm,30,9,3.4604528230978184,2.810567885401635,-0.001410579308212645,4.3382108351022035,2.0505990751580367,6.4309481471961805,0.06666666666666667,0.0,0.7418664285714286
including_summaries_sensitivity,ood_high_concentration,rf_raw,bonded_nm,30,9,0.16924624205437497,0.12987842075517075,0.1661752075007351,0.1715621950903246,0.08235257232155872,0.24555707162823412,0.7666666666666667,0.6666666666666666,0.46787285714285753
including_summaries_sensitivity,ood_high_concentration,rf_raw,mobile_nm,30,9,2.9286422322495205,1.8354662926887926,0.28273613660468466,4.051590380506518,1.1336432758055164,6.362765476238226,0.1,0.1111111111111111,1.5326346176046166
including_summaries_sensitivity,ood_high_concentration,ridge_log_interactions,bonded_nm,30,9,0.13394583259067486,0.09607504156051092,0.4777299188304335,0.1347037917476569,0.06273732017248773,0.18985958746298098,0.5333333333333333,0.4444444444444444,0.3894279720290065
including_summaries_sensitivity,ood_high_concentration,ridge_log_interactions,mobile_nm,30,9,3.435819202964391,2.888283959069698,0.012795980814620744,3.8139692972040202,2.1772541412058666,5.2997584123741115,0.16666666666666666,0.1111111111111111,1.5228676504208933
including_summaries_sensitivity,ood_high_concentration,ridge_raw,bonded_nm,30,9,1.377373190130411,0.9533598759467643,-54.22554190496749,1.0916523955597008,0.28515137603473245,1.630679679603563,0.2,0.2222222222222222,0.4222769875680819
including_summaries_sensitivity,ood_high_concentration,ridge_raw,mobile_nm,30,9,17.642138890655794,12.372535779154637,-25.028478564075172,14.04420059466791,3.696949294625296,21.055389426139726,0.0,0.0,1.2627707732003883
including_summaries_sensitivity,ood_low_concentration,mean,bonded_nm,42,9,0.1301073734921259,0.11645021645021647,-0.2555867412751647,0.13089608404331934,0.09064538070052229,0.16653878258600316,0.8809523809523809,0.7777777777777778,0.42603174603174604
including_summaries_sensitivity,ood_low_concentration,mean,mobile_nm,42,9,1.2175603694734582,1.20512987012987,-48.2259994925574,1.1981548207524761,1.072244162733595,1.2957132646528793,1.0,1.0,3.058730158730159
including_summaries_sensitivity,ood_low_concentration,rf_log_interactions,bonded_nm,42,9,0.11884338938081056,0.08640425569470213,-0.04759389783837786,0.10944476489541385,0.06864660523609796,0.14490368077446333,0.7857142857142857,0.6666666666666666,0.3406079761904755
including_summaries_sensitivity,ood_low_concentration,rf_log_interactions,mobile_nm,42,9,0.16624769344956156,0.13834382262248338,0.08224915623923734,0.15044951565856624,0.09454617676093777,0.19900628714657376,1.0,1.0,2.3236687873634296
including_summaries_sensitivity,ood_low_concentration,rf_raw,bonded_nm,42,9,0.13457603034287943,0.10073430718421789,-0.3433164361537595,0.12201027108560529,0.07242115158222251,0.16290744394121356,0.8095238095238095,0.6666666666666666,0.39377222222222247
including_summaries_sensitivity,ood_low_concentration,rf_raw,mobile_nm,42,9,0.17453640623519662,0.14445581001339936,-0.011545900330772518,0.15713323482846064,0.09680502498332534,0.20845200982071369,1.0,1.0,1.2618044126211079
including_summaries_sensitivity,ood_low_concentration,ridge_log_interactions,bonded_nm,42,9,0.12941479129162803,0.09979289621381233,-0.24225494456901542,0.12633308337331323,0.08844006410256346,0.1586929549990385,0.8333333333333334,0.7777777777777778,0.4685696284792458
including_summaries_sensitivity,ood_low_concentration,ridge_log_interactions,mobile_nm,42,9,0.9523408065278998,0.8208220594130666,-29.116071719504685,0.8925772350353645,0.593410508151562,1.1341511584734256,0.5476190476190477,0.5555555555555556,2.6068551963551827
including_summaries_sensitivity,ood_low_concentration,ridge_raw,bonded_nm,42,9,0.15387034597437502,0.11380763520177821,-0.756114230067743,0.15341566585541574,0.07273537980154439,0.2164375394895511,0.7857142857142857,0.7777777777777778,0.45942129516874874
including_summaries_sensitivity,ood_low_concentration,ridge_raw,mobile_nm,42,9,1.8757463953351723,1.4832982488690665,-115.83199063079931,1.7563982662716588,0.9686009931499849,2.3182447138726503,0.5,0.5555555555555556,4.1403202408596105
primary,grouped_cv,mean,bonded_nm,126,36,0.1669848044781739,0.1295900729288615,-0.07268109976612758,0.16991836149857928,0.11693352716363586,0.22389310623052497,0.7936507936507936,0.7222222222222222,0.37935266741165197
primary,grouped_cv,mean,mobile_nm,126,36,2.0456996401278014,1.2410356145605221,-0.019298644549024857,2.6779213701031446,1.0655446812759508,4.03418267739591,0.8650793650793651,0.8055555555555556,2.7924074900148295
primary,grouped_cv,rf_log_interactions,bonded_nm,126,36,0.12368301805888945,0.09483036772530812,0.41151300183399997,0.13598128285789776,0.09970481335967178,0.17249804957589424,0.7619047619047619,0.6666666666666666,0.35002583768524226
primary,grouped_cv,rf_log_interactions,mobile_nm,126,36,1.2610265850963878,0.6323671561521524,0.6126833256414448,1.4011347837786927,0.7057643995645292,1.9980516763742258,0.9047619047619048,0.8611111111111112,3.3152432485090966
primary,grouped_cv,rf_raw,bonded_nm,126,36,0.10599517036003785,0.08191438650084482,0.5677959041617202,0.10634482705976187,0.07996519026373268,0.12966222663965732,0.8968253968253969,0.8611111111111112,0.3520753113024541
primary,grouped_cv,rf_raw,mobile_nm,126,36,0.7047199772828404,0.3887184061577234,0.8790374662810494,0.9447572293387747,0.43514347984026364,1.4384455907263625,0.873015873015873,0.8333333333333334,1.7218479694697095
primary,grouped_cv,ridge_log_interactions,bonded_nm,126,36,0.1287365601986253,0.10287628602625477,0.3624407878912418,0.12352644531909036,0.09443982860463489,0.15190423623456992,0.7301587301587301,0.75,0.34792393055057924
primary,grouped_cv,ridge_log_interactions,mobile_nm,126,36,1.3473765242219897,0.809649114901262,0.5578234960637795,1.7155661797016801,0.6680926320191267,2.637616253615831,0.7857142857142857,0.75,2.464713477493363
primary,grouped_cv,ridge_raw,bonded_nm,126,36,0.17561710851123707,0.13443110605587608,-0.18645253463160905,0.17010655491335985,0.12286859685132416,0.21520671168704977,0.6825396825396826,0.6944444444444444,0.3429608403484311
primary,grouped_cv,ridge_raw,mobile_nm,126,36,2.138660650269423,1.325107210929311,-0.1140417499213513,2.5743573814431677,1.1630681447417257,3.830208968365283,0.753968253968254,0.8055555555555556,3.7424479715908086
primary,leave_one_solvent_out,mean,bonded_nm,126,36,0.1619300966152174,0.12404308952696048,-0.008722884926524399,0.166465076799869,0.11406685001181338,0.22150053059490774,0.8174603174603174,0.7777777777777778,0.7042997557997561
primary,leave_one_solvent_out,mean,mobile_nm,126,36,2.2179192345160863,1.2909430902220278,-0.19814440405283462,2.891560496641449,1.2844938810435413,4.315326107934802,0.9126984126984127,0.8611111111111112,3.2998534798534798
primary,leave_one_solvent_out,rf_log_interactions,bonded_nm,126,36,0.21993366540455725,0.18245894988609274,-0.8608019317203224,0.22742190941271712,0.1838909860556224,0.26974776993617905,0.8333333333333334,0.8055555555555556,0.5671441979030672
primary,leave_one_solvent_out,rf_log_interactions,mobile_nm,126,36,3.2788953183482334,1.6127366325176147,-1.6186220014789408,3.63323894898247,2.1840954786918907,4.911654488355221,0.7857142857142857,0.75,3.08954211372622
primary,leave_one_solvent_out,rf_raw,bonded_nm,126,36,0.2042853074324968,0.17066505965083523,-0.6054285754099678,0.21027654556186992,0.16822305929895642,0.25152716841148015,0.8492063492063492,0.8333333333333334,0.5737297072779517
primary,leave_one_solvent_out,rf_raw,mobile_nm,126,36,2.4445697050524626,1.2557218985797511,-0.4555346878600055,2.927666152310323,1.622538310502676,4.143618165482088,0.7142857142857143,0.6666666666666666,2.4361931248293165
primary,leave_one_solvent_out,ridge_log_interactions,bonded_nm,126,36,0.25002991565514227,0.19302615265034115,-1.4049202130184972,0.26056127174196964,0.2011452749995499,0.31496328628433473,0.6587301587301587,0.6111111111111112,0.6101310284447992
primary,leave_one_solvent_out,ridge_log_interactions,mobile_nm,126,36,3.5903562006441403,1.9647238079027505,-2.1397334771828156,3.9277632050850104,2.3482309458931065,5.325667162924175,0.7142857142857143,0.6666666666666666,2.070636815545828
primary,leave_one_solvent_out,ridge_raw,bonded_nm,126,36,0.44032934774590365,0.21414394497211242,-6.458851962403346,0.39489305936272656,0.14262869078649526,0.6005741567780442,0.6666666666666666,0.6388888888888888,0.688705729192591
primary,leave_one_solvent_out,ridge_raw,mobile_nm,126,36,7.236917957565419,2.849065066414689,-11.756308319482427,6.700462345427779,2.2117448522418646,10.072626095071328,0.8095238095238095,0.7777777777777778,2.5072535047970343
primary,ood_high_concentration,mean,bonded_nm,27,9,0.277671090623243,0.20888888888888885,-1.3038217500368892,0.27613812372522123,0.11243986395775547,0.3988560026188786,0.7037037037037037,0.6666666666666666,0.3785964912280701
primary,ood_high_concentration,mean,mobile_nm,27,9,4.283894184350968,2.843086419753086,-0.47016354098896196,5.386398737377756,1.9606434714409184,8.105155816387642,0.5185185185185185,0.4444444444444444,2.2199999999999998
primary,ood_high_concentration,rf_log_interactions,bonded_nm,27,9,0.16890040377995785,0.13006257201646068,0.14758925108467735,0.17362623118536477,0.0888853471159832,0.24329490220724448,0.7407407407407407,0.6666666666666666,0.36920674603174714
primary,ood_high_concentration,rf_log_interactions,mobile_nm,27,9,3.5319972862912787,2.8119988763962387,0.0006240335571063849,4.34244008301026,2.055827278506008,6.432019063038487,0.1111111111111111,0.1111111111111111,0.8811294047619036
primary,ood_high_concentration,rf_raw,bonded_nm,27,9,0.15359488796638512,0.09828431290417372,0.29507799971893234,0.15452068980350575,0.04211360330927954,0.2317095732647395,0.7777777777777778,0.7777777777777778,0.4005808333333335
primary,ood_high_concentration,rf_raw,mobile_nm,27,9,3.2430368698826166,2.379227242063492,0.15745724016858564,4.15718524617359,1.5115669977872028,6.38414241710574,0.14814814814814814,0.1111111111111111,1.9041521825396783
primary,ood_high_concentration,ridge_log_interactions,bonded_nm,27,9,0.39206078300368713,0.29460702871815775,-3.5929778158206442,0.33637041996176775,0.13937753877464107,0.4726807562607485,0.37037037037037035,0.3333333333333333,0.34586535101255333
primary,ood_high_concentration,ridge_log_interactions,mobile_nm,27,9,4.40014871925439,3.55033077995179,-0.5510396114703,4.4781947085664315,2.7290217943877146,5.829704539534546,0.07407407407407407,0.0,0.6540512640710178
primary,ood_high_concentration,ridge_raw,bonded_nm,27,9,1.6817900751854984,1.0978105541829155,-83.514477798579,1.3908906245647734,0.3293541033965007,2.0865339230086084,0.2222222222222222,0.1111111111111111,0.34020535560204157
primary,ood_high_concentration,ridge_raw,mobile_nm,27,9,18.263338957461073,12.233812688132767,-25.720743462283433,15.210230255385273,3.6994046436728616,22.880621721175764,0.0,0.0,1.8157802314931033
primary,ood_low_concentration,mean,bonded_nm,39,9,0.14010593005412142,0.12509283819628644,-0.3743408590735986,0.14125290011615488,0.09681748227147337,0.1807409846905146,0.8205128205128205,0.7777777777777778,0.4896428571428574
primary,ood_low_concentration,mean,mobile_nm,39,9,1.3705285927092654,1.3590008841732977,-58.696026549931794,1.3554608540718587,1.2288384187586918,1.4542268648331627,1.0,1.0,6.0
primary,ood_low_concentration,rf_log_interactions,bonded_nm,39,9,0.12717979610139957,0.09426081164917703,-0.13244644343938683,0.11284862482020219,0.07025832178000649,0.14973605028675635,0.6923076923076923,0.5555555555555556,0.3464517784992781
primary,ood_low_concentration,rf_log_interactions,mobile_nm,39,9,0.16458200776933854,0.14303431424344884,0.13913721034486903,0.1455736945954958,0.09061998112703823,0.1951045682684863,1.0,1.0,2.1686514453281722
primary,ood_low_concentration,rf_raw,bonded_nm,39,9,0.14510344691782875,0.10879354340104336,-0.4741337241815127,0.12646081895590272,0.06598313295331612,0.17162710397975886,0.7692307692307693,0.6666666666666666,0.21710494116994078
primary,ood_low_concentration,rf_raw,mobile_nm,39,9,0.1727590703404574,0.14720950349863804,0.05147028535244347,0.15176379762609374,0.09164261187284356,0.20505939077569044,1.0,1.0,1.0944999000572073
primary,ood_low_concentration,ridge_log_interactions,bonded_nm,39,9,0.13193324017013489,0.10169565797640315,-0.21868055135162967,0.12399522587610526,0.08350159885401665,0.15722455605182367,0.5641025641025641,0.4444444444444444,0.27653628021885257
primary,ood_low_concentration,ridge_log_interactions,mobile_nm,39,9,0.9244193631768804,0.8137891497915666,-26.158594544426023,0.8354967536281207,0.5480315011882804,1.066215006594051,1.0,1.0,3.5100754142914434
primary,ood_low_concentration,ridge_raw,bonded_nm,39,9,0.16112325174100403,0.1248700157867611,-0.8175980982064377,0.15587749605378895,0.07904293747538002,0.2183636984129082,0.6923076923076923,0.6666666666666666,0.3150783135775015
primary,ood_low_concentration,ridge_raw,mobile_nm,39,9,1.938306796094519,1.592941666579132,-118.4027312046489,1.7498865612025765,0.965356711200331,2.3082609400590357,1.0,1.0,5.04571813241073
