cohort,protocol,model,solvent,n,groups,group_weighted_rmse_nm,rmse_nm,mae_nm,r2
including_summaries_sensitivity,grouped_cv,fixed_lld,all,141,40,14.433977553026132,17.788073376448896,5.611551929026225,-83.37484425065715
including_summaries_sensitivity,grouped_cv,fixed_lld,ethyl_acetate,33,9,3.114414826213963,2.8212351279439942,1.6543590575741454,-18.18601710885142
including_summaries_sensitivity,grouped_cv,fixed_lld,hexane,58,16,0.2967009249400992,0.2677253819844333,0.21177856171475326,0.9905294892879952
including_summaries_sensitivity,grouped_cv,fixed_lld,toluene,50,15,23.44480553646664,29.781798731933947,14.487036330265905,-97317.34852352022
including_summaries_sensitivity,grouped_cv,local_mean,all,141,40,2.3645596279670706,1.9627661149263855,1.1678630087968995,-0.02728811372939477
including_summaries_sensitivity,grouped_cv,local_mean,ethyl_acetate,33,9,0.7083228724050809,0.6804902098001778,0.5042748917748918,-0.11622057826938881
including_summaries_sensitivity,grouped_cv,local_mean,hexane,58,16,3.6990618307108485,3.0154046132840753,2.4734079091406675,-0.20139410253731094
including_summaries_sensitivity,grouped_cv,local_mean,toluene,50,15,0.11583404956256452,0.1039026849674271,0.09139908163265305,-0.18453097703307897
including_summaries_sensitivity,grouped_cv,mean,all,141,40,2.581292231092747,1.969233210029244,1.1736152840914185,-0.03406886543417054
including_summaries_sensitivity,grouped_cv,mean,ethyl_acetate,33,9,0.7198982174796861,0.6907449173436399,0.49055659311190286,-0.1501160335124836
including_summaries_sensitivity,grouped_cv,mean,hexane,58,16,3.9511758380732664,2.9049388047319766,1.7975205436156763,-0.11498309262091189
including_summaries_sensitivity,grouped_cv,mean,toluene,50,15,0.897026727443997,0.9120628259018083,0.9007039190897601,-90.2730139688996
including_summaries_sensitivity,grouped_cv,rf_log_interactions,all,141,40,1.2186394878891578,0.9677239463683422,0.47568511123480534,0.7502772347907002
including_summaries_sensitivity,grouped_cv,rf_log_interactions,ethyl_acetate,33,9,0.5655666050966549,0.5137471494510574,0.3152661825316938,0.36378323017697367
including_summaries_sensitivity,grouped_cv,rf_log_interactions,hexane,58,16,1.7234779977684138,1.1857792600009753,0.5148873229124661,0.8142186964227096
including_summaries_sensitivity,grouped_cv,rf_log_interactions,toluene,50,15,0.7745310518344125,0.9141437963585894,0.5360870386327724,-90.68998771345211
including_summaries_sensitivity,grouped_cv,rf_raw,all,141,40,0.8757231644995702,0.6384134427145677,0.3168820277255251,0.8913176035859647
including_summaries_sensitivity,grouped_cv,rf_raw,ethyl_acetate,33,9,0.6013388414054751,0.5467632190363066,0.3291267141633619,0.2793824323258727
including_summaries_sensitivity,grouped_cv,rf_raw,hexane,58,16,1.2987953414191902,0.8948272206352758,0.47834132959951914,0.8942031640297792
including_summaries_sensitivity,grouped_cv,rf_raw,toluene,50,15,0.16955970270570023,0.15236460872783983,0.12150774450271956,-1.5471884880762827
including_summaries_sensitivity,grouped_cv,ridge_log_interactions,all,141,40,1.5544723396091755,1.2591172974851748,0.7475901869342648,0.5772461804773392
including_summaries_sensitivity,grouped_cv,ridge_log_interactions,ethyl_acetate,33,9,0.7935552362093173,0.7474706435557001,0.5073904591751858,-0.3467734410860299
including_summaries_sensitivity,grouped_cv,ridge_log_interactions,hexane,58,16,2.286332534779235,1.6916477903377571,1.0346086554256115,0.6218934528786306
including_summaries_sensitivity,grouped_cv,ridge_log_interactions,toluene,50,15,0.7000351236294403,0.8845741317276976,0.5731805838052946,-84.85416158528345
including_summaries_sensitivity,grouped_cv,ridge_raw,all,141,40,2.361926154426776,1.901997640854566,1.118688415744164,0.035338141325904515
including_summaries_sensitivity,grouped_cv,ridge_raw,ethyl_acetate,33,9,0.662632700613563,0.6296412111597407,0.45318817208357115,0.04436388678269987
including_summaries_sensitivity,grouped_cv,ridge_raw,hexane,58,16,3.6373460589075015,2.7875922148395493,1.9906191937315203,-0.02672181999580614
including_summaries_sensitivity,grouped_cv,ridge_raw,toluene,50,15,0.7076480226454165,0.9622809586647135,0.5464788740948225,-100.60069206016702
including_summaries_sensitivity,grouped_cv,saturating_mobile,all,141,40,0.39263517311007906,0.36910102596906424,0.23737511449353524,0.9636716507237086
including_summaries_sensitivity,grouped_cv,saturating_mobile,ethyl_acetate,33,9,0.708660982027155,0.6555359733010512,0.48983693162182385,-0.03585584306176459
including_summaries_sensitivity,grouped_cv,saturating_mobile,hexane,58,16,0.30314579939773745,0.27981352815488664,0.2273285755943395,0.989654970798592
including_summaries_sensitivity,grouped_cv,saturating_mobile,toluene,50,15,0.10842314279960424,0.09869802252421361,0.08240430031193177,-0.06883282899970777
including_summaries_sensitivity,grouped_cv,scaled_lld,all,141,40,0.37669092023063055,0.3577683480436479,0.28037255287411794,0.9658682158111712
including_summaries_sensitivity,grouped_cv,scaled_lld,ethyl_acetate,33,9,0.6129769556387493,0.5932713064546289,0.5246603776382714,0.15157598993007537
including_summaries_sensitivity,grouped_cv,scaled_lld,hexane,58,16,0.2836893723496062,0.2635099419208711,0.2191086656398106,0.9908253751197812
including_summaries_sensitivity,grouped_cv,scaled_lld,toluene,50,15,0.259036764742615,0.21933229128335854,0.19020869772157323,-4.27834816036147
including_summaries_sensitivity,leave_one_solvent_out,fixed_lld,all,141,40,14.433977553026132,17.788073376448896,5.611551929026225,-83.37484425065715
including_summaries_sensitivity,leave_one_solvent_out,fixed_lld,ethyl_acetate,33,9,3.114414826213963,2.8212351279439942,1.6543590575741451,-18.186017108851416
including_summaries_sensitivity,leave_one_solvent_out,fixed_lld,hexane,58,16,0.2967009249400992,0.2677253819844333,0.21177856171475326,0.9905294892879952
including_summaries_sensitivity,leave_one_solvent_out,fixed_lld,toluene,50,15,23.44480553646664,29.781798731933947,14.487036330265905,-97317.34852352024
including_summaries_sensitivity,leave_one_solvent_out,local_mean,all,141,40,2.907862950818359,2.313057041550413,1.5531553338562603,-0.42668417970607564
including_summaries_sensitivity,leave_one_solvent_out,local_mean,ethyl_acetate,33,9,0.7922081703645961,0.8388565691203702,0.7548184611087833,-0.6962180551463693
including_summaries_sensitivity,leave_one_solvent_out,local_mean,hexane,58,16,4.160610423542911,3.050683528542102,1.6617682676518886,-0.22967012027741185
including_summaries_sensitivity,leave_one_solvent_out,local_mean,toluene,50,15,1.925399837593006,1.9563973261527876,1.9540666666666664,-418.9591064452528
including_summaries_sensitivity,leave_one_solvent_out,mean,all,141,40,2.785420352732943,2.1513947351403457,1.277732521979083,-0.23422790884836786
including_summaries_sensitivity,leave_one_solvent_out,mean,ethyl_acetate,33,9,0.6638996137880551,0.652848036312641,0.49087822671155995,-0.02737848409584198
including_summaries_sensitivity,leave_one_solvent_out,mean,hexane,58,16,4.182640922085411,3.06886956045954,1.6584669713336102,-0.24437467783406452
including_summaries_sensitivity,leave_one_solvent_out,mean,toluene,50,15,1.3282579079985215,1.3587623175609918,1.3554043956043955,-201.57221181832233
including_summaries_sensitivity,leave_one_solvent_out,rf_log_interactions,all,141,40,3.483582448406176,3.3749097390037157,1.6631562603659147,-2.0372426105908246
including_summaries_sensitivity,leave_one_solvent_out,rf_log_interactions,ethyl_acetate,33,9,0.7096975614908961,0.6550741520034341,0.45819797957093417,-0.034396848281945225
including_summaries_sensitivity,leave_one_solvent_out,rf_log_interactions,hexane,58,16,3.7452348270951323,2.7361678872766753,1.4098028963134563,0.010809836787688876
including_summaries_sensitivity,leave_one_solvent_out,rf_log_interactions,toluene,50,15,4.134830014831619,4.811668185662521,2.752318627991453,-2539.295407146493
including_summaries_sensitivity,leave_one_solvent_out,rf_raw,all,141,40,2.8014779164130026,2.440095519743521,1.2609013412315453,-0.587701352299328
including_summaries_sensitivity,leave_one_solvent_out,rf_raw,ethyl_acetate,33,9,0.5548422916606534,0.5099180453724508,0.40526243463186656,0.37323169760582786
including_summaries_sensitivity,leave_one_solvent_out,rf_raw,hexane,58,16,3.7330204383002528,2.74740711202979,1.4220176386903325,0.0026666490086694195
including_summaries_sensitivity,leave_one_solvent_out,rf_raw,toluene,50,15,2.4247807522079707,2.804084614298497,1.6387281145351391,-861.7304184070973
including_summaries_sensitivity,leave_one_solvent_out,ridge_log_interactions,all,141,40,3.7923623760898812,3.6792416982595952,2.0317805426494124,-2.609705713696479
including_summaries_sensitivity,leave_one_solvent_out,ridge_log_interactions,ethyl_acetate,33,9,1.2921199921346602,1.192279456767709,1.0033333333333334,-2.426591900736297
including_summaries_sensitivity,leave_one_solvent_out,ridge_log_interactions,hexane,58,16,4.140374438580109,3.0358993738728888,1.7401542688054572,-0.2177805996415001
including_summaries_sensitivity,leave_one_solvent_out,ridge_log_interactions,toluene,50,15,4.366318976974053,5.15211280036369,3.0488421784570137,-2911.4843984032605
including_summaries_sensitivity,leave_one_solvent_out,ridge_raw,all,141,40,6.3542055241281385,7.508506811430023,2.93684114756957,-14.033576704621321
including_summaries_sensitivity,leave_one_solvent_out,ridge_raw,ethyl_acetate,33,9,1.0128991616894236,0.9253276889848079,0.7048295993455715,-1.0639414728903187
including_summaries_sensitivity,leave_one_solvent_out,ridge_raw,hexane,58,16,3.9551973248773207,2.893619698338575,1.7362858043101004,-0.10631094841114486
including_summaries_sensitivity,leave_one_solvent_out,ridge_raw,toluene,50,15,9.506159607500793,12.194556530027993,5.802612967578393,-16315.421068783315
including_summaries_sensitivity,leave_one_solvent_out,saturating_mobile,all,141,40,5.066528314329934,5.545306798476759,2.3973342172324297,-7.199857730093006
including_summaries_sensitivity,leave_one_solvent_out,saturating_mobile,ethyl_acetate,33,9,1.2233658840097072,1.1082266702168517,0.7903618631718838,-1.9604890360311344
including_summaries_sensitivity,leave_one_solvent_out,saturating_mobile,hexane,58,16,4.0222892320592125,2.924285188756535,1.4415256890298096,-0.12988373027645905
including_summaries_sensitivity,leave_one_solvent_out,saturating_mobile,toluene,50,15,7.092050850350766,8.716991501849895,4.566673863627428,-8336.313400906223
including_summaries_sensitivity,leave_one_solvent_out,scaled_lld,all,141,40,11.41100987106966,13.818575157563911,4.9428235505694245,-49.9192138105706
including_summaries_sensitivity,leave_one_solvent_out,scaled_lld,ethyl_acetate,33,9,1.1444802716113336,1.0609685783382123,0.9178970703030314,-1.7133842888766537
including_summaries_sensitivity,leave_one_solvent_out,scaled_lld,hexane,58,16,4.449458928502672,3.3087322365076846,1.8713141636254624,-0.446497046872784
including_summaries_sensitivity,leave_one_solvent_out,scaled_lld,toluene,50,15,18.036803817332466,22.913865679047433,11.162225916400237,-57607.9033040992
including_summaries_sensitivity,ood_high_concentration,fixed_lld,all,30,9,30.394485986010597,38.548275359185205,25.11988414768693,-123.26711468021557
including_summaries_sensitivity,ood_high_concentration,fixed_lld,ethyl_acetate,6,2,6.3508380292333335,6.350838029233334,6.02053760497146,-78.34692432213406
including_summaries_sensitivity,ood_high_concentration,fixed_lld,hexane,10,4,0.410101192946516,0.41272511350728397,0.32767111330525206,0.9798388548596317
including_summaries_sensitivity,ood_high_concentration,fixed_lld,toluene,14,3,52.38665219908348,56.27444466489488,51.014041976266185,-577282.6420936511
including_summaries_sensitivity,ood_high_concentration,local_mean,all,30,9,5.14046331272418,3.8442121970647927,2.2590806878306884,-0.23583648967394244
including_summaries_sensitivity,ood_high_concentration,local_mean,ethyl_acetate,6,2,1.4140792297559608,1.4140792297559608,1.2211904761904764,-2.933829296693293
including_summaries_sensitivity,ood_high_concentration,local_mean,hexane,10,4,7.644864551602316,6.566197694289582,5.887777777777778,-4.102950004348884
including_summaries_sensitivity,ood_high_concentration,local_mean,toluene,14,3,0.12139664977824124,0.1170410394293997,0.11196428571428577,-1.4971415201822924
including_summaries_sensitivity,ood_high_concentration,mean,all,30,9,5.412289009595216,4.088857338334535,2.6026186186186187,-0.3981385995255933
including_summaries_sensitivity,ood_high_concentration,mean,ethyl_acetate,6,2,1.604694336262128,1.6046943362621282,1.4376126126126128,-4.065853932223802
including_summaries_sensitivity,ood_high_concentration,mean,hexane,10,4,8.028915142925053,6.951197581477285,6.314279279279279,-4.718902218508721
including_summaries_sensitivity,ood_high_concentration,mean,toluene,14,3,0.4589297679159302,0.45676567556321485,0.45072072072072045,-37.03240043252708
including_summaries_sensitivity,ood_high_concentration,rf_log_interactions,all,30,9,4.3382108351022035,3.4604528230978184,2.810567885401635,-0.001410579308212645
including_summaries_sensitivity,ood_high_concentration,rf_log_interactions,ethyl_acetate,6,2,1.1672527183432646,1.1672527183432646,0.9221892261904762,-1.680388905874577
including_summaries_sensitivity,ood_high_concentration,rf_log_interactions,hexane,10,4,5.981670138213486,4.912786784409949,3.960612198773448,-1.8565987186773678
including_summaries_sensitivity,ood_high_concentration,rf_log_interactions,toluene,14,3,2.8008445667717274,2.7993927770776206,2.7984128012265517,-1427.546860481262
including_summaries_sensitivity,ood_high_concentration,rf_raw,all,30,9,4.051590380506518,2.9286422322495205,1.8354662926887926,0.28273613660468466
including_summaries_sensitivity,ood_high_concentration,rf_raw,ethyl_acetate,6,2,1.1387617570385529,1.1387617570385526,0.8879552074314575,-1.551136940460407
including_summaries_sensitivity,ood_high_concentration,rf_raw,hexane,10,4,5.991370637493402,4.92230283847176,3.9724098773448775,-1.8676758837412768
including_summaries_sensitivity,ood_high_concentration,rf_raw,toluene,14,3,0.7208366344873378,0.7189793044622851,0.7151541973304477,-93.23225733634109
including_summaries_sensitivity,ood_high_concentration,ridge_log_interactions,all,30,9,3.8139692972040202,3.435819202964391,2.8882839590696974,0.012795980814620744
including_summaries_sensitivity,ood_high_concentration,ridge_log_interactions,ethyl_acetate,6,2,0.7025187700181527,0.7025187700181527,0.5358158388741477,0.029079013940345178
including_summaries_sensitivity,ood_high_concentration,ridge_log_interactions,hexane,10,4,4.70978910758532,3.8472202498244,3.1155323746177235,-0.7518120316437595
including_summaries_sensitivity,ood_high_concentration,ridge_log_interactions,toluene,14,3,3.7059293573030323,3.809512301217739,3.7341642851906296,-2644.4866617683565
including_summaries_sensitivity,ood_high_concentration,ridge_raw,all,30,9,14.044200594667911,17.642138890655797,12.372535779154637,-25.02847856407518
including_summaries_sensitivity,ood_high_concentration,ridge_raw,ethyl_acetate,6,2,3.1214287193565506,3.1214287193565506,2.9713284829339917,-18.167914674378764
including_summaries_sensitivity,ood_high_concentration,ridge_raw,hexane,10,4,3.852416442562476,3.324454112282917,2.9429596040509702,-0.3080793517210325
including_summaries_sensitivity,ood_high_concentration,ridge_raw,toluene,14,3,23.778877523281622,25.59069597134419,23.137036174037526,-119378.84484594793
including_summaries_sensitivity,ood_high_concentration,saturating_mobile,all,30,9,2.7419989770958066,1.9203219550901838,1.0618346792761004,0.6916141774233627
including_summaries_sensitivity,ood_high_concentration,saturating_mobile,ethyl_acetate,6,2,1.1864292025765197,1.1864292025765197,0.9532123741924278,-1.7691831435163539
including_summaries_sensitivity,ood_high_concentration,saturating_mobile,hexane,10,4,4.023286547642939,3.189251339561853,2.364402827598524,-0.2038459001952384
including_summaries_sensitivity,ood_high_concentration,saturating_mobile,toluene,14,3,0.1865997769905672,0.18325738159224972,0.17798127551022885,-5.121949879071143
including_summaries_sensitivity,ood_high_concentration,scaled_lld,all,30,9,4.8502701492869775,6.1089741333686405,4.254795674237389,-2.1209217655247983
including_summaries_sensitivity,ood_high_concentration,scaled_lld,ethyl_acetate,6,2,1.8315891050418474,1.8315891050418471,1.7187979349713107,-5.599698971517366
including_summaries_sensitivity,ood_high_concentration,scaled_lld,hexane,10,4,0.6681014199884683,0.6167227729120237,0.5462117994071709,0.9549833290079867
including_summaries_sensitivity,ood_high_concentration,scaled_lld,toluene,14,3,8.230658324431497,8.846529453409088,7.99064033023015,-14265.343322662538
including_summaries_sensitivity,ood_low_concentration,fixed_lld,all,42,9,0.24567212662463997,0.22496577223220915,0.17643104942300708,-0.6805306158413416
including_summaries_sensitivity,ood_low_concentration,fixed_lld,ethyl_acetate,9,2,0.4329491766187462,0.40218124948060213,0.3777045666616218,-5.556766265707159
including_summaries_sensitivity,ood_low_concentration,fixed_lld,hexane,21,4,0.13226229920487226,0.11475350801023332,0.09826857041902061,-0.8522742127738945
including_summaries_sensitivity,ood_low_concentration,fixed_lld,toluene,12,3,0.18104318266546338,0.18104318266546338,0.16226024975102246,-3.633194556305299
including_summaries_sensitivity,ood_low_concentration,local_mean,all,42,9,2.3158596503906046,2.4692203686730623,1.9210770975056688,-201.4572050320549
including_summaries_sensitivity,ood_low_concentration,local_mean,ethyl_acetate,9,2,0.7379066195246674,0.7803352551020962,0.7643650793650796,-23.683601210477207
including_summaries_sensitivity,ood_low_concentration,local_mean,hexane,21,4,3.4327364497116597,3.4531922323213045,3.452162698412698,-1676.315845137028
including_summaries_sensitivity,ood_low_concentration,local_mean,toluene,12,3,0.12264147174176601,0.12264147174176601,0.10921130952380949,-1.1261352754511047
including_summaries_sensitivity,ood_low_concentration,mean,all,42,9,1.1981548207524766,1.2175603694734585,1.2051298701298703,-48.22599949255741
including_summaries_sensitivity,ood_low_concentration,mean,ethyl_acetate,9,2,0.9098474251249097,0.9525334093505525,0.9394949494949496,-35.77955738677208
including_summaries_sensitivity,ood_low_concentration,mean,hexane,21,4,1.2630231643853984,1.2829036524427206,1.2801298701298702,-230.50555805684965
including_summaries_sensitivity,ood_low_concentration,mean,toluene,12,3,1.275881400094632,1.275881400094632,1.2731060606060607,-229.1106920422805
including_summaries_sensitivity,ood_low_concentration,rf_log_interactions,all,42,9,0.15044951565856624,0.16624769344956156,0.1383438226224834,0.08224915623923723
including_summaries_sensitivity,ood_low_concentration,rf_log_interactions,ethyl_acetate,9,2,0.12733208668328308,0.14126904062038098,0.1014201741622574,0.19101576976176982
including_summaries_sensitivity,ood_low_concentration,rf_log_interactions,hexane,21,4,0.19360977910670754,0.2065357713422813,0.19096758194186778,-5.000174775511111
including_summaries_sensitivity,ood_low_concentration,rf_log_interactions,toluene,12,3,0.08435955586228105,0.08435955586228105,0.0739449801587302,-0.005969364680975531
including_summaries_sensitivity,ood_low_concentration,rf_raw,all,42,9,0.15713323482846064,0.17453640623519662,0.14445581001339938,-0.011545900330772518
including_summaries_sensitivity,ood_low_concentration,rf_raw,ethyl_acetate,9,2,0.13800159938549136,0.15683308303122967,0.11119781685906689,0.002939700440632853
including_summaries_sensitivity,ood_low_concentration,rf_raw,hexane,21,4,0.20172951849391932,0.21521597556229055,0.19900113842506703,-5.51511897694493
including_summaries_sensitivity,ood_low_concentration,rf_raw,toluene,12,3,0.08435955586228105,0.08435955586228105,0.0739449801587302,-0.005969364680975531
including_summaries_sensitivity,ood_low_concentration,ridge_log_interactions,all,42,9,0.8925772350353645,0.9523408065278998,0.8208220594130666,-29.116071719504685
including_summaries_sensitivity,ood_low_concentration,ridge_log_interactions,ethyl_acetate,9,2,0.631455167914446,0.6736778939943441,0.6550659678750372,-17.39715458582176
including_summaries_sensitivity,ood_low_concentration,ridge_log_interactions,hexane,21,4,1.2513992994203194,1.2643904865299243,1.2632825135463552,-223.8722047622078
including_summaries_sensitivity,ood_low_concentration,ridge_log_interactions,toluene,12,3,0.19041621079449442,0.19041621079449442,0.17083333333333336,-4.125355845685678
including_summaries_sensitivity,ood_low_concentration,ridge_raw,all,42,9,1.7563982662716588,1.8757463953351723,1.4832982488690665,-115.83199063079931
including_summaries_sensitivity,ood_low_concentration,ridge_raw,ethyl_acetate,9,2,0.6512867201520339,0.6933855475679966,0.6754268736314509,-18.489272807361537
including_summaries_sensitivity,ood_low_concentration,ridge_raw,hexane,21,4,2.591012965479074,2.611294969982578,2.6099439097206747,-958.1470675979311
including_summaries_sensitivity,ood_low_concentration,ridge_raw,toluene,12,3,0.14453637955356174,0.14453637955356174,0.11757187380696345,-1.9530481614616497
including_summaries_sensitivity,ood_low_concentration,saturating_mobile,all,42,9,0.24430453280725684,0.2230807825524347,0.1573808303656461,-0.6524862480301585
including_summaries_sensitivity,ood_low_concentration,saturating_mobile,ethyl_acetate,9,2,0.47149979627947974,0.43764966104826825,0.41339810740200783,-6.764245466454206
including_summaries_sensitivity,ood_low_concentration,saturating_mobile,hexane,21,4,0.12888712261153426,0.11168275619201078,0.09529580201122331,-0.7544685415648309
including_summaries_sensitivity,ood_low_concentration,saturating_mobile,toluene,12,3,0.09325710959142978,0.09325710959142978,0.07401667220861465,-0.22936285703946635
including_summaries_sensitivity,ood_low_concentration,scaled_lld,all,42,9,0.28690102589924843,0.2623300876427946,0.19731066472340622,-1.2851238551264883
including_summaries_sensitivity,ood_low_concentration,scaled_lld,ethyl_acetate,9,2,0.5315228909836488,0.4933991936372135,0.46951300013614206,-8.868313435506987
including_summaries_sensitivity,ood_low_concentration,scaled_lld,hexane,21,4,0.12945520592961687,0.11219969215127211,0.09579748554414405,-0.7707476317965496
including_summaries_sensitivity,ood_low_concentration,scaled_lld,toluene,12,3,0.19038734141220404,0.19038734141220404,0.1708069767275632,-4.123801832611199
primary,grouped_cv,fixed_lld,all,126,36,15.207655181126409,16.991973128204773,5.112605177100942,-69.32428646348878
primary,grouped_cv,fixed_lld,ethyl_acetate,33,9,3.114414826213963,2.8212351279439942,1.6543590575741451,-18.18601710885142
primary,grouped_cv,fixed_lld,hexane,58,16,0.2967009249400992,0.2677253819844333,0.21177856171475326,0.9905294892879952
primary,grouped_cv,fixed_lld,toluene,35,11,27.364733806788017,32.121556895237276,16.49460705243761,-187095.3587665207
primary,grouped_cv,local_mean,all,126,36,2.527838495786455,2.1086626171832323,1.3404191054389467,-0.08300860384224551
primary,grouped_cv,local_mean,ethyl_acetate,33,9,0.7808060913199759,0.7770746572456316,0.6034451659451661,-0.45556549900678256
primary,grouped_cv,local_mean,hexane,58,16,3.7455994871532106,3.0515308789870685,2.5276348364279397,-0.23035331551558103
primary,grouped_cv,local_mean,toluene,35,11,0.08509723171315592,0.08281916629205224,0.06789417989417991,-0.24375222393354967
primary,grouped_cv,mean,all,126,36,2.6779213701031446,2.0456996401278014,1.2410356145605221,-0.019298644549024857
primary,grouped_cv,mean,ethyl_acetate,33,9,0.6453292687695507,0.6255575209975391,0.4683716874004691,0.05671970578367691
primary,grouped_cv,mean,hexane,58,16,3.9006719088598216,2.8745427009242865,1.8268342056112306,-0.09177170505068077
primary,grouped_cv,mean,toluene,35,11,0.9987971349723125,1.0018322975445269,0.998795366427399,-180.9961575128927
primary,grouped_cv,rf_log_interactions,all,126,36,1.4011347837786927,1.2610265850963878,0.6323671561521524,0.6126833256414448
primary,grouped_cv,rf_log_interactions,ethyl_acetate,33,9,0.6042468447500602,0.5485764996111857,0.34048718649616383,0.2745948075343688
primary,grouped_cv,rf_log_interactions,hexane,58,16,1.6045379212350348,1.098068692130804,0.5596445519166992,0.8406862265395236
primary,grouped_cv,rf_log_interactions,toluene,35,11,1.5431883543763518,1.8554862191408765,1.0280800145608358,-623.2917962936805
primary,grouped_cv,rf_raw,all,126,36,0.9447572293387747,0.7047199772828404,0.3887184061577234,0.8790374662810494
primary,grouped_cv,rf_raw,ethyl_acetate,33,9,0.5478716881566528,0.49780942683400164,0.36214350175077453,0.40264501151595977
primary,grouped_cv,rf_raw,hexane,58,16,1.3393625409264491,0.9439916567177702,0.5141808969166399,0.8822582144307328
primary,grouped_cv,rf_raw,toluene,35,11,0.257371551232096,0.2783916677290677,0.20586547419807097,-13.05350417574904
primary,grouped_cv,ridge_log_interactions,all,126,36,1.7155661797016801,1.3473765242219897,0.8096491149012621,0.5578234960637795
primary,grouped_cv,ridge_log_interactions,ethyl_acetate,33,9,0.7160362761286189,0.7045300034064156,0.5434848515825613,-0.19647946073777112
primary,grouped_cv,ridge_log_interactions,hexane,58,16,2.4040470239522644,1.7012030929980289,1.0235072947842943,0.6176099059786341
primary,grouped_cv,ridge_log_interactions,toluene,35,11,0.8979055618055485,1.1276532333337794,0.706210436509869,-229.5808844431221
primary,grouped_cv,ridge_raw,all,126,36,2.5743573814431677,2.138660650269423,1.325107210929311,-0.1140417499213513
primary,grouped_cv,ridge_raw,ethyl_acetate,33,9,0.5723903437522411,0.5932702224009649,0.4979946339933108,0.1515790904889811
primary,grouped_cv,ridge_raw,hexane,58,16,3.688145772354459,2.813968426853784,2.060426447128467,-0.04624343631660799
primary,grouped_cv,ridge_raw,toluene,35,11,1.2790617735209788,1.7355467175194057,0.8864271920532241,-545.1913006465998
primary,grouped_cv,saturating_mobile,all,126,36,0.41629457147707477,0.3981625279245221,0.275034711647564,0.9613865612924603
primary,grouped_cv,saturating_mobile,ethyl_acetate,33,9,0.727683406116057,0.6820562783863404,0.5881996243603064,-0.12136419225856798
primary,grouped_cv,saturating_mobile,hexane,58,16,0.29439581232617235,0.2742916800433858,0.21989084831026395,0.990059240314586
primary,grouped_cv,saturating_mobile,toluene,35,11,0.08864206051364089,0.08617245645866199,0.07114619604878988,-0.3465085275692752
primary,grouped_cv,scaled_lld,all,126,36,0.3643823619634699,0.35627330507027105,0.27608958268097145,0.9690839305330667
primary,grouped_cv,scaled_lld,ethyl_acetate,33,9,0.5886777590899077,0.5732730496839599,0.5111514559404213,0.20781007830698395
primary,grouped_cv,scaled_lld,hexane,58,16,0.2815367763126015,0.2614740783831921,0.21675767695120451,0.9909665927939505
primary,grouped_cv,scaled_lld,toluene,35,11,0.1889688205341805,0.1838240051298689,0.15278126024567573,-5.127405331270787
primary,leave_one_solvent_out,fixed_lld,all,126,36,15.207655181126409,16.991973128204776,5.112605177100942,-69.32428646348883
primary,leave_one_solvent_out,fixed_lld,ethyl_acetate,33,9,3.114414826213963,2.8212351279439942,1.6543590575741451,-18.186017108851416
primary,leave_one_solvent_out,fixed_lld,hexane,58,16,0.2967009249400992,0.2677253819844333,0.21177856171475326,0.9905294892879952
primary,leave_one_solvent_out,fixed_lld,toluene,35,11,27.364733806788017,32.121556895237276,16.494607052437605,-187095.3587665207
primary,leave_one_solvent_out,local_mean,all,126,36,3.0042238096173204,2.360273852263438,1.550079365079365,-0.3568833067638031
primary,leave_one_solvent_out,local_mean,ethyl_acetate,33,9,0.8960950952622642,0.9564276747327201,0.8918181818181818,-1.205009831958518
primary,leave_one_solvent_out,local_mean,hexane,58,16,4.142681411571227,3.036042899963941,1.6663908045977014,-0.21789574668641465
primary,leave_one_solvent_out,local_mean,toluene,35,11,1.9793745319614922,1.9793745030923438,1.977980952380952,-709.4411442029983
primary,leave_one_solvent_out,mean,all,126,36,2.891560496641449,2.2179192345160863,1.2909430902220278,-0.19814440405283462
primary,leave_one_solvent_out,mean,ethyl_acetate,33,9,0.6779880821743156,0.6882950487270001,0.5418279569892475,-0.1419722558365204
primary,leave_one_solvent_out,mean,hexane,58,16,4.152363595844351,3.0439309646974477,1.6638336713995945,-0.22423249538471657
primary,leave_one_solvent_out,mean,toluene,35,11,1.3813501411470208,1.3813163287766168,1.3793186813186813,-344.98594205955277
primary,leave_one_solvent_out,rf_log_interactions,all,126,36,3.63323894898247,3.2788953183482334,1.6127366325176147,-1.6186220014789408
primary,leave_one_solvent_out,rf_log_interactions,ethyl_acetate,33,9,0.7741661777599448,0.7145002162593183,0.5728805751781891,-0.23058322647032048
primary,leave_one_solvent_out,rf_log_interactions,hexane,58,16,3.750348125483051,2.7300334791029193,1.3967682720631862,0.015240335372145086
primary,leave_one_solvent_out,rf_log_interactions,toluene,35,11,4.717275147027553,5.086452082090135,2.951062769619269,-4690.395821194838
primary,leave_one_solvent_out,rf_raw,all,126,36,2.927666152310323,2.4445697050524626,1.255721898579751,-0.4555346878600055
primary,leave_one_solvent_out,rf_raw,ethyl_acetate,33,9,0.6102103123231509,0.5585854075294284,0.43138747600043126,0.24788294993530768
primary,leave_one_solvent_out,rf_raw,hexane,58,16,3.716583764463352,2.7387386226310793,1.4221111946447453,0.008950198908994511
primary,leave_one_solvent_out,rf_raw,toluene,35,11,2.766769036226784,2.9646946005253625,1.7572206635325471,-1592.7936291551734
primary,leave_one_solvent_out,ridge_log_interactions,all,126,36,3.9277632050850104,3.5903562006441403,1.9647238079027505,-2.1397334771828156
primary,leave_one_solvent_out,ridge_log_interactions,ethyl_acetate,33,9,1.2921199921346602,1.192279456767709,1.0033333333333334,-2.426591900736297
primary,leave_one_solvent_out,ridge_log_interactions,hexane,58,16,4.132941575307424,3.029766825176663,1.7335376814292331,-0.21286570946187244
primary,leave_one_solvent_out,ridge_log_interactions,toluene,35,11,4.927272829713557,5.463913084225312,3.2542861220814587,-5412.519759186672
primary,leave_one_solvent_out,ridge_raw,all,126,36,6.700462345427779,7.236917957565419,2.849065066414689,-11.756308319482427
primary,leave_one_solvent_out,ridge_raw,ethyl_acetate,33,9,1.0620937741224359,0.9739342362810626,0.7763968747995256,-1.2864701041002102
primary,leave_one_solvent_out,ridge_raw,hexane,58,16,3.953491597196315,2.8923327841870465,1.734285040093219,-0.10532712139290257
primary,leave_one_solvent_out,ridge_raw,toluene,35,11,11.102944415043256,13.18276952616916,6.650644833555993,-31511.69023707967
primary,leave_one_solvent_out,saturating_mobile,all,126,36,5.329139241697398,5.338292797244978,2.3385724083410593,-5.941007124165104
primary,leave_one_solvent_out,saturating_mobile,ethyl_acetate,33,9,1.562376118440961,1.418215908591387,1.0548212697120496,-3.848316548531
primary,leave_one_solvent_out,saturating_mobile,hexane,58,16,3.949880198863425,2.8612954548578586,1.4011005732258022,-0.08173209608137788
primary,leave_one_solvent_out,saturating_mobile,toluene,35,11,8.261609310986254,9.334188833373775,5.102491094382265,-15797.844579596569
primary,leave_one_solvent_out,scaled_lld,all,126,36,12.024791581615402,13.229588999733945,4.63482206406522,-41.62951716533398
primary,leave_one_solvent_out,scaled_lld,ethyl_acetate,33,9,1.1460825781508632,1.0623907485519077,0.9188393296830921,-1.7206634500335913
primary,leave_one_solvent_out,scaled_lld,hexane,58,16,4.451585834738818,3.310306244209389,1.8721586078554118,-0.4478736097862095
primary,leave_one_solvent_out,scaled_lld,toluene,35,11,21.05524042378689,24.715499779048297,12.716590941058906,-110766.14332212786
primary,ood_high_concentration,fixed_lld,all,27,9,30.401505892668563,36.69490645277996,22.722173112896574,-106.86976891853517
primary,ood_high_concentration,fixed_lld,ethyl_acetate,6,2,6.3508380292333335,6.350838029233334,6.02053760497146,-78.34692432213406
primary,ood_high_concentration,fixed_lld,hexane,10,4,0.410101192946516,0.41272511350728397,0.32767111330525206,0.9798388548596317
primary,ood_high_concentration,fixed_lld,toluene,11,3,52.3988709343268,57.29686174682203,52.190794298666,-2691290.1537274197
primary,ood_high_concentration,local_mean,all,27,9,5.1401563895348295,4.05150299645954,2.475645208700764,-0.31498411779384416
primary,ood_high_concentration,local_mean,ethyl_acetate,6,2,1.4140792297559608,1.4140792297559608,1.2211904761904764,-2.933829296693293
primary,ood_high_concentration,local_mean,hexane,10,4,7.644864551602316,6.566197694289582,5.887777777777778,-4.102950004348884
primary,ood_high_concentration,local_mean,toluene,11,3,0.07260209924523409,0.06675893236492818,0.05795454545454549,-2.653572907256855
primary,ood_high_concentration,mean,all,27,9,5.386398737377756,4.283894184350968,2.843086419753086,-0.47016354098896174
primary,ood_high_concentration,mean,ethyl_acetate,6,2,1.5666329783612019,1.5666329783612019,1.3950000000000002,-3.828392342876503
primary,ood_high_concentration,mean,hexane,10,4,7.990350256542088,6.912512407061399,6.271666666666667,-4.655425067126417
primary,ood_high_concentration,mean,toluene,11,3,0.5254063683015764,0.5172411273655487,0.516060606060606,-218.32347184582954
primary,ood_high_concentration,rf_log_interactions,all,27,9,4.34244008301026,3.5319972862912787,2.8119988763962387,0.0006240335571064959
primary,ood_high_concentration,rf_log_interactions,ethyl_acetate,6,2,1.1244226842300238,1.1244226842300238,0.8694648015873021,-1.4872945643384092
primary,ood_high_concentration,rf_log_interactions,hexane,10,4,5.979374688710541,4.910535347492951,3.9578191468253983,-1.853981068700557
primary,ood_high_concentration,rf_log_interactions,toluene,11,3,2.8384698608708288,2.830123643192326,2.829908125901875,-6565.135366710712
primary,ood_high_concentration,rf_raw,all,27,9,4.15718524617359,3.2430368698826166,2.379227242063492,0.15745724016858587
primary,ood_high_concentration,rf_raw,ethyl_acetate,6,2,1.1167709887684962,1.1167709887684962,0.8595717261904766,-1.453557670991716
primary,ood_high_concentration,rf_raw,hexane,10,4,5.993496183554971,4.924388302601779,3.974993730158731,-1.8701063323639384
primary,ood_high_concentration,rf_raw,toluene,11,3,1.7661032101936036,1.757780459146886,1.7574334433621923,-2531.9596832628404
primary,ood_high_concentration,ridge_log_interactions,all,27,9,4.4781947085664315,4.40014871925439,3.55033077995179,-0.5510396114702998
primary,ood_high_concentration,ridge_log_interactions,ethyl_acetate,6,2,0.49606261166256665,0.4960626116625667,0.4282645332040258,0.5158933877896145
primary,ood_high_concentration,ridge_log_interactions,hexane,10,4,4.505144298071469,3.6588118172037936,2.9134610334050404,-0.5844318029252045
primary,ood_high_concentration,ridge_log_interactions,toluene,11,3,5.7390647848852225,5.934566143802036,5.83224850231125,-28871.00618654829
primary,ood_high_concentration,ridge_raw,all,27,9,15.210230255385273,18.263338957461073,12.233812688132767,-25.72074346228343
primary,ood_high_concentration,ridge_raw,ethyl_acetate,6,2,3.511869836431518,3.511869836431518,3.339081008030212,-23.263019401253114
primary,ood_high_concentration,ridge_raw,hexane,10,4,3.512972340932044,3.0322489584388967,2.6731587093845426,-0.08823606817991103
primary,ood_high_concentration,ridge_raw,toluene,11,3,25.87231198036393,28.348309442428274,25.776988130687094,-658798.6235601889
primary,ood_high_concentration,saturating_mobile,all,27,9,2.7408125209373013,2.021260270457157,1.1328273981158845,0.6727100589003974
primary,ood_high_concentration,saturating_mobile,ethyl_acetate,6,2,1.1864292025765197,1.1864292025765197,0.9532123741924278,-1.7691831435163539
primary,ood_high_concentration,saturating_mobile,hexane,10,4,4.023286547642939,3.189251339561853,2.364402827598524,-0.2038459001952384
primary,ood_high_concentration,saturating_mobile,toluene,11,3,0.12370986367156836,0.11653583129885144,0.11118520254446133,-10.133147677223835
primary,ood_high_concentration,scaled_lld,all,27,9,33.12920594917674,40.043015935953406,23.859597513729664,-127.4522567100729
primary,ood_high_concentration,scaled_lld,ethyl_acetate,6,2,1.8315891050418474,1.8315891050418471,1.7187979349713107,-5.599698971517366
primary,ood_high_concentration,scaled_lld,hexane,10,4,0.6681014199884683,0.6167227729120237,0.5462117994071709,0.9549833290079867
primary,ood_high_concentration,scaled_lld,toluene,11,3,57.35678892127107,62.718007128578726,57.130384296981944,-3224655.901082892
primary,ood_low_concentration,fixed_lld,all,39,9,0.24565316678682175,0.22798007815190396,0.17758521350033923,-0.6518211416117368
primary,ood_low_concentration,fixed_lld,ethyl_acetate,9,2,0.4329491766187462,0.40218124948060213,0.3777045666616218,-5.556766265707159
primary,ood_low_concentration,fixed_lld,hexane,21,4,0.13226229920487226,0.11475350801023332,0.09826857041902061,-0.8522742127738945
primary,ood_low_concentration,fixed_lld,toluene,9,3,0.18096598477615378,0.18096598477615378,0.16253802752880026,-3.716649536497605
primary,ood_low_concentration,local_mean,all,39,9,2.315308465720596,2.561860420994561,2.054126984126984,-207.58359689037013
primary,ood_low_concentration,local_mean,ethyl_acetate,9,2,0.7379066195246674,0.7803352551020962,0.7643650793650796,-23.683601210477207
primary,ood_low_concentration,local_mean,hexane,21,4,3.4327364497116597,3.4531922323213045,3.452162698412698,-1676.315845137028
primary,ood_low_concentration,local_mean,toluene,9,3,0.08592464129387728,0.08592464129387728,0.08180555555555553,-0.06334737286628722
primary,ood_low_concentration,mean,all,39,9,1.355460854071859,1.3705285927092654,1.3590008841732977,-58.696026549931794
primary,ood_low_concentration,mean,ethyl_acetate,9,2,1.0670133035777436,1.1098291501408275,1.0986590038314172,-48.929626735405485
primary,ood_low_concentration,mean,hexane,21,4,1.4217767556425491,1.4417615260707533,1.439293924466338,-291.38844330298525
primary,ood_low_concentration,mean,toluene,9,3,1.434414606581761,1.434414606581761,1.4319923371647505,-295.3392004793452
primary,ood_low_concentration,rf_log_interactions,all,39,9,0.1455736945954958,0.16458200776933857,0.14303431424344884,0.13913721034486903
primary,ood_low_concentration,rf_log_interactions,ethyl_acetate,9,2,0.10753591769561575,0.11427416227753112,0.10567594974469972,0.4706509271830883
primary,ood_low_concentration,rf_log_interactions,hexane,21,4,0.19150624583192039,0.2042615770810652,0.18896788007627285,-4.868764740812383
primary,ood_low_concentration,rf_log_interactions,toluene,9,3,0.0834641421286689,0.0834641421286689,0.07321435846560849,-0.0033202431067675953
primary,ood_low_concentration,rf_raw,all,39,9,0.15176379762609377,0.1727590703404574,0.14720950349863804,0.05147028535244358
primary,ood_low_concentration,rf_raw,ethyl_acetate,9,2,0.10700523980581722,0.11758372078325223,0.09916604895104891,0.4395453694064959
primary,ood_low_concentration,rf_raw,hexane,21,4,0.20217023808749682,0.21567749394479946,0.19951176046176028,-5.543091539579699
primary,ood_low_concentration,rf_raw,toluene,9,3,0.0834641421286689,0.0834641421286689,0.07321435846560849,-0.0033202431067675953
primary,ood_low_concentration,ridge_log_interactions,all,39,9,0.8354967536281207,0.9244193631768804,0.8137891497915666,-26.158594544426016
primary,ood_low_concentration,ridge_log_interactions,ethyl_acetate,9,2,0.5600459980281689,0.6014969856590111,0.5809097384614035,-13.66604370148484
primary,ood_low_concentration,ridge_log_interactions,hexane,21,4,1.1775529416364636,1.190144200703382,1.1890280569389742,-198.23815365665362
primary,ood_low_concentration,ridge_log_interactions,toluene,9,3,0.19032136564826932,0.1903213656482693,0.1711111111111111,-4.216927453769559
primary,ood_low_concentration,ridge_raw,all,39,9,1.7498865612025765,1.938306796094519,1.592941666579132,-118.40273120464887
primary,ood_low_concentration,ridge_raw,ethyl_acetate,9,2,0.644222300787574,0.6862632304985083,0.6681343835269878,-18.090949326530954
primary,ood_low_concentration,ridge_raw,hexane,21,4,2.579739104123015,2.5999970806014154,2.5986435973734894,-949.8654329034588
primary,ood_low_concentration,ridge_raw,toluene,9,3,0.19032136564826932,0.1903213656482693,0.1711111111111111,-4.216927453769559
primary,ood_low_concentration,saturating_mobile,all,39,9,0.24270709218730843,0.22887884933706473,0.16343707969310403,-0.6648708401821033
primary,ood_low_concentration,saturating_mobile,ethyl_acetate,9,2,0.47149979627947974,0.43764966104826825,0.41339810740200783,-6.764245466454206
primary,ood_low_concentration,saturating_mobile,hexane,21,4,0.12888712261153426,0.11168275619201078,0.09529580201122331,-0.7544685415648309
primary,ood_low_concentration,saturating_mobile,toluene,9,3,0.07976823949973914,0.07976823949973914,0.07247236657525523,0.08356910621638092
primary,ood_low_concentration,scaled_lld,all,39,9,0.28688112575827507,0.2670478124110862,0.1994145279081764,-1.2664559010648975
primary,ood_low_concentration,scaled_lld,ethyl_acetate,9,2,0.5315228909836488,0.4933991936372135,0.46951300013614206,-8.868313435506987
primary,ood_low_concentration,scaled_lld,hexane,21,4,0.12945520592961687,0.11219969215127211,0.09579748554414405,-0.7707476317965496
primary,ood_low_concentration,scaled_lld,toluene,9,3,0.1902973587123298,0.1902973587123298,0.17108915452961962,-4.215611421344273
