cohort,protocol,fold,solvent,model,fit_scope,training_groups,scale,mean_mobile_nm,amplitude_nm,half_concentration_g_l,bound_hit,training_condition_mse
primary,grouped_cv,1,ethyl_acetate,fixed_lld,same_solvent,7,1.0,,,,,
primary,grouped_cv,1,ethyl_acetate,local_mean,same_solvent,7,,0.8609523809523809,,,,
primary,grouped_cv,1,ethyl_acetate,scaled_lld,same_solvent,7,0.3217715446775109,,,,,
primary,grouped_cv,1,ethyl_acetate,saturating_mobile,same_solvent,7,,,1.2178175309669217,0.21124659267954032,False,0.029863916289745433
primary,grouped_cv,1,hexane,fixed_lld,same_solvent,13,1.0,,,,,
primary,grouped_cv,1,hexane,local_mean,same_solvent,13,,2.9137179487179483,,,,
primary,grouped_cv,1,hexane,scaled_lld,same_solvent,13,1.0381354564174592,,,,,
primary,grouped_cv,1,hexane,saturating_mobile,same_solvent,13,,,595.7466731406577,458.6017234477063,False,0.061354920225614874
primary,grouped_cv,1,toluene,fixed_lld,same_solvent,9,1.0,,,,,
primary,grouped_cv,1,toluene,local_mean,same_solvent,9,,0.1938888888888889,,,,
primary,grouped_cv,1,toluene,scaled_lld,same_solvent,9,0.0027803956383777775,,,,,
primary,grouped_cv,1,toluene,saturating_mobile,same_solvent,9,,,0.20742924397604287,0.001560820832667515,False,0.005695742479275777
primary,grouped_cv,2,ethyl_acetate,fixed_lld,same_solvent,7,1.0,,,,,
primary,grouped_cv,2,ethyl_acetate,local_mean,same_solvent,7,,1.273809523809524,,,,
primary,grouped_cv,2,ethyl_acetate,scaled_lld,same_solvent,7,0.2752998043859333,,,,,
primary,grouped_cv,2,ethyl_acetate,saturating_mobile,same_solvent,7,,,3.5119117411782934,4.54131561643905,False,0.20309584165621095
primary,grouped_cv,2,hexane,fixed_lld,same_solvent,13,1.0,,,,,
primary,grouped_cv,2,hexane,local_mean,same_solvent,13,,2.408717948717949,,,,
primary,grouped_cv,2,hexane,scaled_lld,same_solvent,13,1.0191424531165227,,,,,
primary,grouped_cv,2,hexane,saturating_mobile,same_solvent,13,,,9999.99999999999,7971.129512299339,True,0.04164048522824854
primary,grouped_cv,2,toluene,fixed_lld,same_solvent,9,1.0,,,,,
primary,grouped_cv,2,toluene,local_mean,same_solvent,9,,0.19314814814814815,,,,
primary,grouped_cv,2,toluene,scaled_lld,same_solvent,9,0.0026669354239910502,,,,,
primary,grouped_cv,2,toluene,saturating_mobile,same_solvent,9,,,0.2156070209906339,0.0016234669303691717,False,0.005205183568613489
primary,grouped_cv,3,ethyl_acetate,fixed_lld,same_solvent,7,1.0,,,,,
primary,grouped_cv,3,ethyl_acetate,local_mean,same_solvent,7,,1.1580952380952383,,,,
primary,grouped_cv,3,ethyl_acetate,scaled_lld,same_solvent,7,0.26715766562741755,,,,,
primary,grouped_cv,3,ethyl_acetate,saturating_mobile,same_solvent,7,,,2.060753060284337,0.5324919269381833,False,0.1832672933512918
primary,grouped_cv,3,hexane,fixed_lld,same_solvent,13,1.0,,,,,
primary,grouped_cv,3,hexane,local_mean,same_solvent,13,,2.176025641025641,,,,
primary,grouped_cv,3,hexane,scaled_lld,same_solvent,13,1.0481356652472813,,,,,
primary,grouped_cv,3,hexane,saturating_mobile,same_solvent,13,,,561.2672134848448,428.7445305601274,False,0.06949718430409442
primary,grouped_cv,3,toluene,fixed_lld,same_solvent,8,1.0,,,,,
primary,grouped_cv,3,toluene,local_mean,same_solvent,8,,0.2,,,,
primary,grouped_cv,3,toluene,scaled_lld,same_solvent,8,0.0024209983737952063,,,,,
primary,grouped_cv,3,toluene,saturating_mobile,same_solvent,8,,,0.22790295438458036,0.0018691933301687893,False,0.005044178528082649
primary,grouped_cv,4,ethyl_acetate,fixed_lld,same_solvent,7,1.0,,,,,
primary,grouped_cv,4,ethyl_acetate,local_mean,same_solvent,7,,1.0795238095238096,,,,
primary,grouped_cv,4,ethyl_acetate,scaled_lld,same_solvent,7,0.2736238178111326,,,,,
primary,grouped_cv,4,ethyl_acetate,saturating_mobile,same_solvent,7,,,2.7510368710483273,1.604697078318579,False,0.18311232302902541
primary,grouped_cv,4,hexane,fixed_lld,same_solvent,13,1.0,,,,,
primary,grouped_cv,4,hexane,local_mean,same_solvent,13,,3.295384615384615,,,,
primary,grouped_cv,4,hexane,scaled_lld,same_solvent,13,1.0374405582050985,,,,,
primary,grouped_cv,4,hexane,saturating_mobile,same_solvent,13,,,740.88622811225,572.7914899500562,False,0.06882880989792975
primary,grouped_cv,4,toluene,fixed_lld,same_solvent,9,1.0,,,,,
primary,grouped_cv,4,toluene,local_mean,same_solvent,9,,0.16444444444444445,,,,
primary,grouped_cv,4,toluene,scaled_lld,same_solvent,9,0.002558707518475942,,,,,
primary,grouped_cv,4,toluene,saturating_mobile,same_solvent,9,,,0.18100722526297733,0.0016609038971066206,False,0.003240423752598206
primary,grouped_cv,5,ethyl_acetate,fixed_lld,same_solvent,8,1.0,,,,,
primary,grouped_cv,5,ethyl_acetate,local_mean,same_solvent,8,,1.1625,,,,
primary,grouped_cv,5,ethyl_acetate,scaled_lld,same_solvent,8,0.27587625995492576,,,,,
primary,grouped_cv,5,ethyl_acetate,saturating_mobile,same_solvent,8,,,3.2586810517654667,3.800509791263921,False,0.1783222467729238
primary,grouped_cv,5,hexane,fixed_lld,same_solvent,12,1.0,,,,,
primary,grouped_cv,5,hexane,local_mean,same_solvent,12,,3.016666666666666,,,,
primary,grouped_cv,5,hexane,scaled_lld,same_solvent,12,1.0481924830425253,,,,,
primary,grouped_cv,5,hexane,saturating_mobile,same_solvent,12,,,202.31361483663417,148.8369278990679,False,0.045495764807531765
primary,grouped_cv,5,toluene,fixed_lld,same_solvent,9,1.0,,,,,
primary,grouped_cv,5,toluene,local_mean,same_solvent,9,,0.18185185185185182,,,,
primary,grouped_cv,5,toluene,scaled_lld,same_solvent,9,0.0025475140010207276,,,,,
primary,grouped_cv,5,toluene,saturating_mobile,same_solvent,9,,,0.18501278548006325,0.00025633718596494254,False,0.003391382958506074
primary,leave_one_solvent_out,ethyl_acetate,ethyl_acetate,fixed_lld,pooled_other_solvents,27,1.0,,,,,
primary,leave_one_solvent_out,ethyl_acetate,ethyl_acetate,local_mean,pooled_other_solvents,27,,1.7103703703703703,,,,
primary,leave_one_solvent_out,ethyl_acetate,ethyl_acetate,scaled_lld,pooled_other_solvents,27,0.03852230065833056,,,,,
primary,leave_one_solvent_out,ethyl_acetate,ethyl_acetate,saturating_mobile,pooled_other_solvents,27,,,4.584284816679626,0.8939116626136031,False,5.955948673643389
primary,leave_one_solvent_out,hexane,hexane,fixed_lld,pooled_other_solvents,20,1.0,,,,,
primary,leave_one_solvent_out,hexane,hexane,local_mean,pooled_other_solvents,20,,0.6013333333333333,,,,
primary,leave_one_solvent_out,hexane,hexane,scaled_lld,pooled_other_solvents,20,0.007809425383469147,,,,,
primary,leave_one_solvent_out,hexane,hexane,saturating_mobile,pooled_other_solvents,20,,,0.9725289616649476,0.12261967837067017,False,0.2981105185710561
primary,leave_one_solvent_out,toluene,toluene,fixed_lld,pooled_other_solvents,25,1.0,,,,,
primary,leave_one_solvent_out,toluene,toluene,local_mean,pooled_other_solvents,25,,2.1642666666666663,,,,
primary,leave_one_solvent_out,toluene,toluene,scaled_lld,pooled_other_solvents,25,0.7700078411409451,,,,,
primary,leave_one_solvent_out,toluene,toluene,saturating_mobile,pooled_other_solvents,25,,,29.61409449016579,26.241131372458923,False,3.187078382532688
primary,ood_low_concentration,low,ethyl_acetate,fixed_lld,same_solvent,7,1.0,,,,,
primary,ood_low_concentration,low,ethyl_acetate,local_mean,same_solvent,7,,1.268809523809524,,,,
primary,ood_low_concentration,low,ethyl_acetate,scaled_lld,same_solvent,7,0.27561525953307114,,,,,
primary,ood_low_concentration,low,ethyl_acetate,saturating_mobile,same_solvent,7,,,3.416361577179062,4.256432662703203,False,0.18752772471696177
primary,ood_low_concentration,low,hexane,fixed_lld,same_solvent,12,1.0,,,,,
primary,ood_low_concentration,low,hexane,local_mean,same_solvent,12,,3.6159722222222217,,,,
primary,ood_low_concentration,low,hexane,scaled_lld,same_solvent,12,1.037702913171761,,,,,
primary,ood_low_concentration,low,hexane,saturating_mobile,same_solvent,12,,,645.3002260623786,497.7738300962062,False,0.07517545646108059
primary,ood_low_concentration,low,toluene,fixed_lld,same_solvent,8,1.0,,,,,
primary,ood_low_concentration,low,toluene,local_mean,same_solvent,8,,0.19208333333333333,,,,
primary,ood_low_concentration,low,toluene,scaled_lld,same_solvent,8,0.0025611066637445455,,,,,
primary,ood_low_concentration,low,toluene,saturating_mobile,same_solvent,8,,,0.1932256878548236,0.0003407949163880802,False,0.004590936009600395
primary,ood_high_concentration,high,ethyl_acetate,fixed_lld,same_solvent,7,1.0,,,,,
primary,ood_high_concentration,high,ethyl_acetate,local_mean,same_solvent,7,,0.8371428571428572,,,,
primary,ood_high_concentration,high,ethyl_acetate,scaled_lld,same_solvent,7,0.4675320718884027,,,,,
primary,ood_high_concentration,high,ethyl_acetate,saturating_mobile,same_solvent,7,,,1.1264961548049088,0.1292193437479266,False,0.03714553821363
primary,ood_high_concentration,high,hexane,fixed_lld,same_solvent,12,1.0,,,,,
primary,ood_high_concentration,high,hexane,local_mean,same_solvent,12,,1.0472222222222223,,,,
primary,ood_high_concentration,high,hexane,scaled_lld,same_solvent,12,1.1041180269192046,,,,,
primary,ood_high_concentration,high,hexane,saturating_mobile,same_solvent,12,,,8.252967791461456,4.063866051223111,False,0.020047817604324933
primary,ood_high_concentration,high,toluene,fixed_lld,same_solvent,8,1.0,,,,,
primary,ood_high_concentration,high,toluene,local_mean,same_solvent,8,,0.20416666666666666,,,,
primary,ood_high_concentration,high,toluene,scaled_lld,same_solvent,8,1.0943785332360074,,,,,
primary,ood_high_concentration,high,toluene,saturating_mobile,same_solvent,8,,,0.25849730252656156,0.0035657013171551508,False,0.003684424528250943
including_summaries_sensitivity,grouped_cv,1,ethyl_acetate,fixed_lld,same_solvent,8,1.0,,,,,
including_summaries_sensitivity,grouped_cv,1,ethyl_acetate,local_mean,same_solvent,8,,1.0958333333333332,,,,
including_summaries_sensitivity,grouped_cv,1,ethyl_acetate,scaled_lld,same_solvent,8,0.26981515265780914,,,,,
including_summaries_sensitivity,grouped_cv,1,ethyl_acetate,saturating_mobile,same_solvent,8,,,2.4550777963014294,1.4548248197054308,False,0.1965728948558835
including_summaries_sensitivity,grouped_cv,1,hexane,fixed_lld,same_solvent,12,1.0,,,,,
including_summaries_sensitivity,grouped_cv,1,hexane,local_mean,same_solvent,12,,2.208888888888889,,,,
including_summaries_sensitivity,grouped_cv,1,hexane,scaled_lld,same_solvent,12,1.0478905659437772,,,,,
including_summaries_sensitivity,grouped_cv,1,hexane,saturating_mobile,same_solvent,12,,,3809.2674206854504,2943.0096156399113,False,0.06721250701813354
including_summaries_sensitivity,grouped_cv,1,toluene,fixed_lld,same_solvent,11,1.0,,,,,
including_summaries_sensitivity,grouped_cv,1,toluene,local_mean,same_solvent,11,,0.25159090909090903,,,,
including_summaries_sensitivity,grouped_cv,1,toluene,scaled_lld,same_solvent,11,0.00392087562369108,,,,,
including_summaries_sensitivity,grouped_cv,1,toluene,saturating_mobile,same_solvent,11,,,0.26407203857582284,0.002514910000108218,False,0.006298077819376442
including_summaries_sensitivity,grouped_cv,2,ethyl_acetate,fixed_lld,same_solvent,7,1.0,,,,,
including_summaries_sensitivity,grouped_cv,2,ethyl_acetate,local_mean,same_solvent,7,,0.975952380952381,,,,
including_summaries_sensitivity,grouped_cv,2,ethyl_acetate,scaled_lld,same_solvent,7,0.3332333130756903,,,,,
including_summaries_sensitivity,grouped_cv,2,ethyl_acetate,saturating_mobile,same_solvent,7,,,1.2188551826631284,0.15358698456838485,False,0.04518129480707722
including_summaries_sensitivity,grouped_cv,2,hexane,fixed_lld,same_solvent,12,1.0,,,,,
including_summaries_sensitivity,grouped_cv,2,hexane,local_mean,same_solvent,12,,2.5213888888888887,,,,
including_summaries_sensitivity,grouped_cv,2,hexane,scaled_lld,same_solvent,12,1.0184999600920905,,,,,
including_summaries_sensitivity,grouped_cv,2,hexane,saturating_mobile,same_solvent,12,,,9999.99999999999,7976.475167029443,True,0.0465763574673991
including_summaries_sensitivity,grouped_cv,2,toluene,fixed_lld,same_solvent,14,1.0,,,,,
including_summaries_sensitivity,grouped_cv,2,toluene,local_mean,same_solvent,14,,0.23686224489795915,,,,
including_summaries_sensitivity,grouped_cv,2,toluene,scaled_lld,same_solvent,14,0.0030609800410389496,,,,,
including_summaries_sensitivity,grouped_cv,2,toluene,saturating_mobile,same_solvent,14,,,0.2731609000213229,0.004217565645638095,False,0.008753577552785342
including_summaries_sensitivity,grouped_cv,3,ethyl_acetate,fixed_lld,same_solvent,7,1.0,,,,,
including_summaries_sensitivity,grouped_cv,3,ethyl_acetate,local_mean,same_solvent,7,,1.2342857142857144,,,,
including_summaries_sensitivity,grouped_cv,3,ethyl_acetate,scaled_lld,same_solvent,7,0.2734376599010941,,,,,
including_summaries_sensitivity,grouped_cv,3,ethyl_acetate,saturating_mobile,same_solvent,7,,,3.141812910812291,3.4635773559027663,False,0.203682309979445
including_summaries_sensitivity,grouped_cv,3,hexane,fixed_lld,same_solvent,12,1.0,,,,,
including_summaries_sensitivity,grouped_cv,3,hexane,local_mean,same_solvent,12,,3.198333333333333,,,,
including_summaries_sensitivity,grouped_cv,3,hexane,scaled_lld,same_solvent,12,1.0379140749783098,,,,,
including_summaries_sensitivity,grouped_cv,3,hexane,saturating_mobile,same_solvent,12,,,609.927514158326,469.8398471963012,False,0.06527960487394281
including_summaries_sensitivity,grouped_cv,3,toluene,fixed_lld,same_solvent,14,1.0,,,,,
including_summaries_sensitivity,grouped_cv,3,toluene,local_mean,same_solvent,14,,0.24346938775510202,,,,
including_summaries_sensitivity,grouped_cv,3,toluene,scaled_lld,same_solvent,14,0.003071012171391813,,,,,
including_summaries_sensitivity,grouped_cv,3,toluene,saturating_mobile,same_solvent,14,,,0.2820319963923308,0.004527340221169279,False,0.008776091205452726
including_summaries_sensitivity,grouped_cv,4,ethyl_acetate,fixed_lld,same_solvent,7,1.0,,,,,
including_summaries_sensitivity,grouped_cv,4,ethyl_acetate,local_mean,same_solvent,7,,1.1033333333333333,,,,
including_summaries_sensitivity,grouped_cv,4,ethyl_acetate,scaled_lld,same_solvent,7,0.26683781285992464,,,,,
including_summaries_sensitivity,grouped_cv,4,ethyl_acetate,saturating_mobile,same_solvent,7,,,4.984377997154741,9.344322215464993,False,0.1325711151226226
including_summaries_sensitivity,grouped_cv,4,hexane,fixed_lld,same_solvent,14,1.0,,,,,
including_summaries_sensitivity,grouped_cv,4,hexane,local_mean,same_solvent,14,,2.723333333333333,,,,
including_summaries_sensitivity,grouped_cv,4,hexane,scaled_lld,same_solvent,14,1.0490219105739462,,,,,
including_summaries_sensitivity,grouped_cv,4,hexane,saturating_mobile,same_solvent,14,,,185.28022868188674,135.5505783408745,False,0.04562545534154361
including_summaries_sensitivity,grouped_cv,4,toluene,fixed_lld,same_solvent,11,1.0,,,,,
including_summaries_sensitivity,grouped_cv,4,toluene,local_mean,same_solvent,11,,0.23237012987012984,,,,
including_summaries_sensitivity,grouped_cv,4,toluene,scaled_lld,same_solvent,11,0.0027434350879534603,,,,,
including_summaries_sensitivity,grouped_cv,4,toluene,saturating_mobile,same_solvent,11,,,0.26999854303997817,0.0036473183550534364,False,0.007740092220755655
including_summaries_sensitivity,grouped_cv,5,ethyl_acetate,fixed_lld,same_solvent,7,1.0,,,,,
including_summaries_sensitivity,grouped_cv,5,ethyl_acetate,local_mean,same_solvent,7,,1.135,,,,
including_summaries_sensitivity,grouped_cv,5,ethyl_acetate,scaled_lld,same_solvent,7,0.27961150898777526,,,,,
including_summaries_sensitivity,grouped_cv,5,ethyl_acetate,saturating_mobile,same_solvent,7,,,3.5519064664739437,3.8209504120000113,False,0.1789054763833207
including_summaries_sensitivity,grouped_cv,5,hexane,fixed_lld,same_solvent,14,1.0,,,,,
including_summaries_sensitivity,grouped_cv,5,hexane,local_mean,same_solvent,14,,3.089285714285714,,,,
including_summaries_sensitivity,grouped_cv,5,hexane,scaled_lld,same_solvent,14,1.0375142877480326,,,,,
including_summaries_sensitivity,grouped_cv,5,hexane,saturating_mobile,same_solvent,14,,,715.1024020544276,552.5523217589333,False,0.06208950387296922
including_summaries_sensitivity,grouped_cv,5,toluene,fixed_lld,same_solvent,10,1.0,,,,,
including_summaries_sensitivity,grouped_cv,5,toluene,local_mean,same_solvent,10,,0.24860714285714286,,,,
including_summaries_sensitivity,grouped_cv,5,toluene,scaled_lld,same_solvent,10,0.003063494941551863,,,,,
including_summaries_sensitivity,grouped_cv,5,toluene,saturating_mobile,same_solvent,10,,,0.30581116951101006,0.008789274598884074,False,0.009163354495794227
including_summaries_sensitivity,leave_one_solvent_out,ethyl_acetate,ethyl_acetate,fixed_lld,pooled_other_solvents,31,1.0,,,,,
including_summaries_sensitivity,leave_one_solvent_out,ethyl_acetate,ethyl_acetate,local_mean,pooled_other_solvents,31,,1.540760368663594,,,,
including_summaries_sensitivity,leave_one_solvent_out,ethyl_acetate,ethyl_acetate,scaled_lld,pooled_other_solvents,31,0.03895189326335236,,,,,
including_summaries_sensitivity,leave_one_solvent_out,ethyl_acetate,ethyl_acetate,saturating_mobile,pooled_other_solvents,31,,,4.500877741647993,1.4330927169269356,False,5.655284079261306
including_summaries_sensitivity,leave_one_solvent_out,hexane,hexane,fixed_lld,pooled_other_solvents,24,1.0,,,,,
including_summaries_sensitivity,leave_one_solvent_out,hexane,hexane,local_mean,pooled_other_solvents,24,,0.5670932539682539,,,,
including_summaries_sensitivity,leave_one_solvent_out,hexane,hexane,scaled_lld,pooled_other_solvents,24,0.008303085471718038,,,,,
including_summaries_sensitivity,leave_one_solvent_out,hexane,hexane,saturating_mobile,pooled_other_solvents,24,,,0.8312402356374828,0.10767629900447714,False,0.2767723297422842
including_summaries_sensitivity,leave_one_solvent_out,toluene,toluene,fixed_lld,pooled_other_solvents,25,1.0,,,,,
including_summaries_sensitivity,leave_one_solvent_out,toluene,toluene,local_mean,pooled_other_solvents,25,,2.1642666666666663,,,,
including_summaries_sensitivity,leave_one_solvent_out,toluene,toluene,scaled_lld,pooled_other_solvents,25,0.7700078411409451,,,,,
including_summaries_sensitivity,leave_one_solvent_out,toluene,toluene,saturating_mobile,pooled_other_solvents,25,,,29.61409449016579,26.241131372458923,False,3.187078382532688
including_summaries_sensitivity,ood_low_concentration,low,ethyl_acetate,fixed_lld,same_solvent,7,1.0,,,,,
including_summaries_sensitivity,ood_low_concentration,low,ethyl_acetate,local_mean,same_solvent,7,,1.268809523809524,,,,
including_summaries_sensitivity,ood_low_concentration,low,ethyl_acetate,scaled_lld,same_solvent,7,0.27561525953307114,,,,,
including_summaries_sensitivity,ood_low_concentration,low,ethyl_acetate,saturating_mobile,same_solvent,7,,,3.416361577179062,4.256432662703203,False,0.18752772471696177
including_summaries_sensitivity,ood_low_concentration,low,hexane,fixed_lld,same_solvent,12,1.0,,,,,
including_summaries_sensitivity,ood_low_concentration,low,hexane,local_mean,same_solvent,12,,3.6159722222222217,,,,
including_summaries_sensitivity,ood_low_concentration,low,hexane,scaled_lld,same_solvent,12,1.037702913171761,,,,,
including_summaries_sensitivity,ood_low_concentration,low,hexane,saturating_mobile,same_solvent,12,,,645.3002260623786,497.7738300962062,False,0.07517545646108059
including_summaries_sensitivity,ood_low_concentration,low,toluene,fixed_lld,same_solvent,12,1.0,,,,,
including_summaries_sensitivity,ood_low_concentration,low,toluene,local_mean,same_solvent,12,,0.2600892857142857,,,,
including_summaries_sensitivity,ood_low_concentration,low,toluene,scaled_lld,same_solvent,12,0.0030743437314094614,,,,,
including_summaries_sensitivity,ood_low_concentration,low,toluene,saturating_mobile,same_solvent,12,,,0.28375889069676824,0.009528880717004569,False,0.009035551808313362
including_summaries_sensitivity,ood_high_concentration,high,ethyl_acetate,fixed_lld,same_solvent,7,1.0,,,,,
including_summaries_sensitivity,ood_high_concentration,high,ethyl_acetate,local_mean,same_solvent,7,,0.8371428571428572,,,,
including_summaries_sensitivity,ood_high_concentration,high,ethyl_acetate,scaled_lld,same_solvent,7,0.4675320718884027,,,,,
including_summaries_sensitivity,ood_high_concentration,high,ethyl_acetate,saturating_mobile,same_solvent,7,,,1.1264961548049088,0.1292193437479266,False,0.03714553821363
including_summaries_sensitivity,ood_high_concentration,high,hexane,fixed_lld,same_solvent,12,1.0,,,,,
including_summaries_sensitivity,ood_high_concentration,high,hexane,local_mean,same_solvent,12,,1.0472222222222223,,,,
including_summaries_sensitivity,ood_high_concentration,high,hexane,scaled_lld,same_solvent,12,1.1041180269192046,,,,,
including_summaries_sensitivity,ood_high_concentration,high,hexane,saturating_mobile,same_solvent,12,,,8.252967791461456,4.063866051223111,False,0.020047817604324933
including_summaries_sensitivity,ood_high_concentration,high,toluene,fixed_lld,same_solvent,12,1.0,,,,,
including_summaries_sensitivity,ood_high_concentration,high,toluene,local_mean,same_solvent,12,,0.260625,,,,
including_summaries_sensitivity,ood_high_concentration,high,toluene,scaled_lld,same_solvent,12,0.15943719986034327,,,,,
including_summaries_sensitivity,ood_high_concentration,high,toluene,saturating_mobile,same_solvent,12,,,0.3377503238716835,0.009037184210198331,False,0.005779353162469497
